conditionId	conditionName	m_CCND1	m_CCND2	m_CCND3	CCND1	CCND2	CCND3
GF_0_CCND123_1	cyclin D 1.0	0.001897488	0.000316248	0.0006324961	6	1	2
GF_0_CCND123_10	cyclin D 10.0	0.01897488	0.00316248	0.006324961	60	10	20
GF_0_CCND123_60	cyclin D 60.0	0.11384928	0.01897488	0.037949766	360	60	120
