conditionId	conditionName	cyt_mrna__CCND1_201_	cyt_mrna__CCND2_201_	cyt_mrna__CCND3_203_	kTC10_1	kTC10_2	kTCd10_1	kTC11_1	kTC11_2	kTCd11_1	kTC12_1	kTC12_2	kTCd12_1
GF_0_CCND123_1	cyclin D 1.0	0.001897488	0.000316248	0.0006324961	0.0	0.0	0.0	0.0	0.0	0.0	0.0	0.0	0.0
GF_0_CCND123_10	cyclin D 10.0	0.01897488	0.00316248	0.006324961	0.0	0.0	0.0	0.0	0.0	0.0	0.0	0.0	0.0
GF_0_CCND123_60	cyclin D 60.0	0.11384928	0.01897488	0.037949766	0.0	0.0	0.0	0.0	0.0	0.0	0.0	0.0	0.0
