speciesId	compartment	initialConcentration (nM)	solver
cyt_abs__ribosome_	Cytoplasm	1897.371858740175	Deterministic
nuc_prot_i__P53_	Nucleus	296.6181145324287	Deterministic
nuc_prot_a__P53_	Nucleus	6.245670636238553	Deterministic
nuc_prot__MDM2_1_	Nucleus	205.61844664800492	Deterministic
nuc_prot__PPM1D_1_	Nucleus	2.2299188689092375	Deterministic
nuc_prot_a__ATM_	Nucleus	0.0	Deterministic
nuc_prot_a__ATR_1_	Nucleus	0.0	Deterministic
nuc_abs__MDM2delay1_	Nucleus	6.245670636238553	Deterministic
nuc_abs__MDM2delay2_	Nucleus	6.245670636238553	Deterministic
nuc_abs__MDM2delay3_	Nucleus	6.245670636238553	Deterministic
nuc_abs__MDM2delay4_	Nucleus	6.245670636238553	Deterministic
nuc_abs__MDM2delay5_	Nucleus	6.245670636238553	Deterministic
nuc_abs__MDM2delay6_	Nucleus	6.245670636238553	Deterministic
nuc_abs__MDM2delay7_	Nucleus	6.245670636238553	Deterministic
nuc_abs__MDM2delay8_	Nucleus	6.245670636238553	Deterministic
nuc_abs__MDM2delay9_	Nucleus	6.245670636238553	Deterministic
nuc_abs__MDM2delay10_	Nucleus	6.245670636238553	Deterministic
nuc_abs__WIP1delay1_	Nucleus	6.245670636238553	Deterministic
nuc_abs__WIP1delay2_	Nucleus	6.245670636238553	Deterministic
nuc_abs__WIP1delay3_	Nucleus	6.245670636238553	Deterministic
nuc_abs__WIP1delay4_	Nucleus	6.245670636238553	Deterministic
nuc_abs__WIP1delay5_	Nucleus	6.245670636238553	Deterministic
nuc_abs__WIP1delay6_	Nucleus	6.245670636238553	Deterministic
nuc_abs__WIP1delay7_	Nucleus	6.245670636238553	Deterministic
nuc_abs__WIP1delay8_	Nucleus	6.245670636238553	Deterministic
nuc_abs__WIP1delay9_	Nucleus	6.245670636238553	Deterministic
nuc_abs__WIP1delay10_	Nucleus	6.245670636238553	Deterministic
nuc_prot__BRCA2_	Nucleus	0.8217488257342126	Deterministic
nuc_prot__MSH6_1_	Nucleus	45.503629548797264	Deterministic
nuc_prot__MGMT_	Nucleus	120.25430564122028	Deterministic
nuc_abs__DNADoubleStrandBreak_	Nucleus	0.0	Deterministic
nuc_abs__DNASingleStrandBreak_	Nucleus	0.0	Deterministic
nuc_cong__p_p_AKT__MDM2_1_	Nucleus	0.0	Deterministic
nuc_prot__p_MDM2_1_	Nucleus	0.0	Deterministic
nuc_prot__ARF_1_	Nucleus	0.0	Deterministic
nuc_prot__MDM4_1_	Nucleus	0.026569246097641976	Deterministic
nuc_prot_a__P53__MDM4_1_	Nucleus	0.0	Deterministic
nuc_prot_i__ATM_	Nucleus	1.5030602078094604	Deterministic
nuc_prot_i__ATR_1_	Nucleus	2.399772263604877	Deterministic
nuc_prot__RB_	Nucleus	7983.139915547753	Deterministic
nuc_prot__pT373_RB_	Nucleus	0.535180528538217	Deterministic
nuc_prot__pT373_pS807_pS811_RB_	Nucleus	0.006642311524410494	Deterministic
nuc_cong__E2F_	Nucleus	1117.2073824548086	Deterministic
nuc_cong__CCND_	Nucleus	0.2324809033543673	Deterministic
nuc_cong_i__CCND__CDK4_	Nucleus	0.588319020733501	Deterministic
nuc_cong__CCND__CDK4_	Nucleus	3.853489585804431	Deterministic
nuc_cong__CCND__CDK4__CDN1B_	Nucleus	0.7866394648194714	Deterministic
nuc_cong__CCNE_	Nucleus	0.25525454286663185	Deterministic
nuc_cong_i__CCNE__CDK2_	Nucleus	0.8891208426246618	Deterministic
nuc_cong__CCNE__CDK2_	Nucleus	2.746121364520567	Deterministic
nuc_prot__SKP2_1_	Nucleus	11.408644493998196	Deterministic
nuc_cong__CCNE__CDK2__CDN1B_	Nucleus	1.1225506476253735	Deterministic
nuc_prot__MPIP1_1_	Nucleus	141.28765953408927	Deterministic
nuc_prot_i__MPIP2_1_	Nucleus	49.17493001850358	Deterministic
nuc_prot_i__MPIP1_1_	Nucleus	16.022204298524457	Deterministic
nuc_prot_i__MPIP3_1_	Nucleus	55.29819234236371	Deterministic
nuc_prot__CCNA2_	Nucleus	4.029036390378137	Deterministic
nuc_prot_i__CCNA__CDK2_	Nucleus	14.036153152725719	Deterministic
nuc_prot__CCNA__CDK2_	Nucleus	5.235090382881814	Deterministic
nuc_prot__CCNA__CDK2__CDN1B_	Nucleus	1.2829150258575697	Deterministic
nuc_prot__CDN1B_	Nucleus	20.434596954025714	Deterministic
nuc_prot_i__CADH1_1_	Nucleus	0.5978080371969445	Deterministic
nuc_prot_a__CADH1_1_	Nucleus	108.80201167149025	Deterministic
nuc_cong__p_E2F_	Nucleus	11.605067134791478	Deterministic
nuc_prot__pT187_CDN1B_	Nucleus	4.204583194951843	Deterministic
nuc_prot__MPIP2_1_	Nucleus	41.649191061346485	Deterministic
nuc_cong__CCNB_	Nucleus	3.4435640745836693	Deterministic
nuc_cong_i__CCNB__CDK1_	Nucleus	3.900934668121649	Deterministic
nuc_cong__CCNB__CDK1_	Nucleus	0.6841580870142809	Deterministic
nuc_prot_i__CDC20_	Nucleus	71.16667457418038	Deterministic
nuc_prot_a__CDC20_	Nucleus	0.72970536603881	Deterministic
nuc_prot__MPIP3_1_	Nucleus	9.402666413626227	Deterministic
nuc_prot__WEE1_1_	Nucleus	26.51800540873938	Deterministic
nuc_prot__pS123_WEE1_1_	Nucleus	16.73957394316079	Deterministic
nuc_cong__CCNB__CDK1__CDN1B_	Nucleus	0.08350334487830335	Deterministic
nuc_prot__CHK1_1_	Nucleus	0.14897755847606395	Deterministic
nuc_cong__RB__E2F_	Nucleus	8918.823361958532	Deterministic
nuc_cong__pT373_RB__E2F_	Nucleus	0.29890401859847227	Deterministic
nuc_prot__CDN1A_	Nucleus	20.872989514636807	Deterministic
nuc_cong__CCND__CDK4__CDN1A_	Nucleus	0.482042036342933	Deterministic
nuc_cong__CCNE__CDK2__CDN1A_	Nucleus	0.22868529676898988	Deterministic
nuc_cong__CCNA__CDK2__CDN1A_	Nucleus	0.2618968543910423	Deterministic
nuc_cong__CCNB__CDK1__CDN1A_	Nucleus	0.017080229634198415	Deterministic
exc_prot__TNF10_1_	Extracellular	0.0	Deterministic
cyt_cong__TNFRSF10_	Cytoplasm	8.03087093356107	Deterministic
cyt_cong__TNF10_1__TNFRSF10_	Cytoplasm	0.0	Deterministic
cyt_cong_a__TNF10_1__TNFRSF10_	Cytoplasm	0.0	Deterministic
cyt_prot__CFLAR_1_	Cytoplasm	0.5256915120747735	Deterministic
cyt_cong_a__TNF10_1__TNFRSF10__CFLAR_1_	Cytoplasm	0.0	Deterministic
cyt_cong_i__CASP8_	Cytoplasm	26.5262292230077	Deterministic
cyt_cong_a__TNF10_1__TNFRSF10__CASP8_	Cytoplasm	0.0	Deterministic
cyt_cong_a__CASP8_	Cytoplasm	0.00031630054878145213	Deterministic
cyt_prot__BFAR_1_	Cytoplasm	0.8410431592098813	Deterministic
cyt_cong__CASP8__BFAR_1_	Cytoplasm	0.0012652021951258085	Deterministic
cyt_cong__CASP3_	Cytoplasm	79.93262798310955	Deterministic
cyt_cong__CASP8__CASP3_	Cytoplasm	0.006326010975629043	Deterministic
cyt_cong__cl_CASP3_	Cytoplasm	0.0	Deterministic
cyt_cong_i__CASP6_	Cytoplasm	47.67661431892584	Deterministic
cyt_cong__CASP3__CASP6_	Cytoplasm	0.0	Deterministic
cyt_prot_a__CASP6_	Cytoplasm	0.00031630054878145213	Deterministic
cyt_cong__CASP6__CASP8_	Cytoplasm	0.0	Deterministic
cyt_prot__XIAP_	Cytoplasm	5.2695671426989925	Deterministic
cyt_prot__CASP3__XIAP_	Cytoplasm	0.0	Deterministic
cyt_prot__PARP1_	Cytoplasm	639.6156948332306	Deterministic
cyt_cong__CASP3__PARP1_	Cytoplasm	0.0	Deterministic
cyt_prot__cl_PARP1_	Cytoplasm	1.619458809761035	Deterministic
cyt_prot__BID_1_	Cytoplasm	50.47524157454413	Deterministic
cyt_cong__CASP8__BID_1_	Cytoplasm	0.0	Deterministic
cyt_prot__cl_BID_1_	Cytoplasm	0.0	Deterministic
cyt_cong__BCL2_	Cytoplasm	12.480587053818539	Deterministic
cyt_cong_cl_BID_1__BCL2_	Cytoplasm	0.0	Deterministic
cyt_prot_i__BAX_1_	Cytoplasm	88.22666097325678	Deterministic
cyt_prot__cl_BID_1__BAX_1_	Cytoplasm	0.0	Deterministic
cyt_prot_a__BAX_1_	Cytoplasm	0.0	Deterministic
mit_prot_a__BAX_1_	Mitochondria	0.0	Deterministic
mit_cong__BCL2_	Mitochondria	1.7779013183544397	Deterministic
mit_cong__BAX_1__BCL2_	Mitochondria	0.009024879788601217	Deterministic
mit_prot_a__BAX_1__BAX_1_	Mitochondria	0.0	Deterministic
mit_cong__BAX_1__BAX_1__BCL2_	Mitochondria	0.0	Deterministic
mit_prot_a__BAX_1__BAX_1__BAX_1__BAX_1_	Mitochondria	0.0	Deterministic
mit_cong__BAX_1__BAX_1__BAX_1__BAX_1__BCL2_	Mitochondria	0.0	Deterministic
mit_abs_i__pore_	Mitochondria	2259.9652722625738	Deterministic
mit_abs__BAX_1__BAX_1__BAX_1__BAX_1__pore_	Mitochondria	0.0	Deterministic
mit_abs_a__pore_	Mitochondria	0.0	Deterministic
mit_prot__CY1_	Mitochondria	15542.58931021039	Deterministic
mit_abs__pore__CY1_	Mitochondria	0.02707463936580365	Deterministic
mit_prot_i__CY1_	Mitochondria	0.2752588335523371	Deterministic
mit_prot__DBLOH_1_	Mitochondria	1450.9389484932062	Deterministic
mit_abs__pore__DBLOH_1_	Mitochondria	0.0	Deterministic
mit_prot_i__DBLOH_1_	Mitochondria	0.018049759577202434	Deterministic
cyt_prot__CY1_	Cytoplasm	0.01929433347566858	Deterministic
cyt_prot__APAF_1_	Cytoplasm	0.09678796792712435	Deterministic
cyt_prot__CY1__APAF_1_	Cytoplasm	0.0	Deterministic
cyt_prot_a__APAF_1_	Cytoplasm	0.010754218658569372	Deterministic
cyt_prot__PCSK9_1_	Cytoplasm	3.457164998181272	Deterministic
cyt_prot_a__APAF_1__PCSK9_1_	Cytoplasm	0.002846704939033069	Deterministic
cyt_prot_a__APAF_1__PCSK9_1__CASP3_	Cytoplasm	0.0034793060365959734	Deterministic
cyt_prot__DBLOH_1_	Cytoplasm	0.0009489016463443563	Deterministic
cyt_prot_a__APAF_1__PCSK9_1__XIAP_	Cytoplasm	0.10026727396372033	Deterministic
cyt_prot__DBLOH_1__XIAP_	Cytoplasm	0.12462241621989213	Deterministic
cyt_cong__u_CASP3_	Cytoplasm	2.8701111796428966	Deterministic
cyt_prot__BAD_	Cytoplasm	0.09489016463443564	Deterministic
cyt_prot__BBC3_1_	Cytoplasm	0.028783349939112145	Deterministic
cyt_prot__APR_1_	Cytoplasm	0.005377109329284686	Deterministic
cyt_cong__BCL2__BAD_	Cytoplasm	3.3442457022662935	Deterministic
cyt_cong__BCL2__BBC3_1_	Cytoplasm	1.023548575856779	Deterministic
cyt_cong__BCL2__APR_1_	Cytoplasm	0.19420853695181162	Deterministic
cyt_prot__B2L11_1_	Cytoplasm	0.06009710426847591	Deterministic
cyt_prot__B2L11_1__BAX_1_	Cytoplasm	0.0	Deterministic
cyt_cong__BCL2__B2L11_1_	Cytoplasm	2.123958185067451	Deterministic
cyt_cong__p_p_MAPK__B2L11_1_	Cytoplasm	0.00031630054878145213	Deterministic
cyt_prot__pS69_B2L11_1_	Cytoplasm	0.10564438329300502	Deterministic
cyt_cong__p_p_AKT__BAD_	Cytoplasm	0.0	Deterministic
cyt_prot__p_BAD_	Cytoplasm	0.8910186459173507	Deterministic
cyt_cong__p_p_MAPK__BAD_	Cytoplasm	0.0006326010975629043	Deterministic
exc_prot__EGF_1_	Extracellular	0.0	Deterministic
exc_prot__NRG1_1_	Extracellular	0.0	Deterministic
exc_prot__HGF_1_	Extracellular	0.0	Deterministic
exc_prot__PDGFB_1_	Extracellular	0.0	Deterministic
exc_cong__FGF_	Extracellular	0.0	Deterministic
exc_cong__IGF_	Extracellular	0.0	Deterministic
exc_prot__INS_1_	Extracellular	0.0	Deterministic
cyt_prot__EGFR_1_	Cytoplasm	50.12193386155525	Deterministic
cyt_prot__pT693_EGFR_1_	Cytoplasm	4.954531796112666	Deterministic
cyt_prot__ERBB2_1_	Cytoplasm	3.8047793012920876	Deterministic
cyt_prot__pT701_ERBB2_1_	Cytoplasm	0.3760813525011466	Deterministic
cyt_prot__ERBB3_1_	Cytoplasm	1.7396530182979868	Deterministic
cyt_prot__ERBB4_1_	Cytoplasm	0.0	Deterministic
cyt_prot__pT699_ERBB4_1_	Cytoplasm	0.0	Deterministic
cyt_prot__MET_1_	Cytoplasm	8.573010074172478	Deterministic
cyt_cong__PGFRB_	Cytoplasm	0.22963419841533425	Deterministic
cyt_cong__FGFR_	Cytoplasm	0.18661732378105675	Deterministic
cyt_prot__IGF1R_	Cytoplasm	0.021508437317138744	Deterministic
cyt_prot__INSR_1_	Cytoplasm	0.0297322515854565	Deterministic
cyt_prot__EGFR_1__EGFR_1_	Cytoplasm	2.5120589584222928	Deterministic
cyt_prot__EGFR_1__ERBB2_1_	Cytoplasm	0.19041293036643417	Deterministic
cyt_prot__EGFR_1__ERBB3_1_	Cytoplasm	0.08698265091489933	Deterministic
cyt_prot__EGFR_1__ERBB4_1_	Cytoplasm	0.0	Deterministic
cyt_prot__ERBB2_1__ERBB2_1_	Cytoplasm	0.014233524695165346	Deterministic
cyt_prot__ERBB2_1__ERBB3_1_	Cytoplasm	0.006326010975629043	Deterministic
cyt_prot__ERBB2_1__ERBB4_1_	Cytoplasm	0.0	Deterministic
cyt_prot__ERBB3_1__ERBB4_1_	Cytoplasm	0.0	Deterministic
cyt_prot__ERBB4_1__ERBB4_1_	Cytoplasm	0.0	Deterministic
cyt_prot__MET_1__MET_1_	Cytoplasm	0.07338172731729689	Deterministic
cyt_cong__FGFR__FGFR_	Cytoplasm	0.0	Deterministic
cyt_prot__IGF1R__IGF1R_	Cytoplasm	0.726858661099777	Deterministic
cyt_prot__INSR_1__INSR_1_	Cytoplasm	0.3087093356106973	Deterministic
cyt_prot__EGF_1__EGFR_1_	Cytoplasm	0.0	Deterministic
cyt_prot__NRG1_1__ERBB3_1_	Cytoplasm	0.0	Deterministic
cyt_prot__NRG1_1__ERBB4_1_	Cytoplasm	0.0	Deterministic
cyt_prot__HGF_1__MET_1_	Cytoplasm	0.0	Deterministic
cyt_cong__PDGFB_1__PGFRB_	Cytoplasm	0.0	Deterministic
cyt_cong__FGF__FGFR_	Cytoplasm	0.0	Deterministic
cyt_prot__EGF_1__EGFR_1__ERBB2_1_	Cytoplasm	0.0	Deterministic
cyt_prot__EGF_1__EGFR_1__EGFR_1_	Cytoplasm	0.0	Deterministic
cyt_prot__EGF_1__EGFR_1__ERBB3_1_	Cytoplasm	0.0	Deterministic
cyt_prot__EGF_1__EGFR_1__ERBB4_1_	Cytoplasm	0.0	Deterministic
cyt_prot__ERBB2_1__NRG1_1__ERBB3_1_	Cytoplasm	0.0	Deterministic
cyt_prot__EGFR_1__NRG1_1__ERBB3_1_	Cytoplasm	0.0	Deterministic
cyt_prot__NRG1_1__ERBB3_1__ERBB3_1_	Cytoplasm	0.0	Deterministic
cyt_prot__NRG1_1__ERBB3_1__ERBB4_1_	Cytoplasm	0.0	Deterministic
cyt_prot__ERBB2_1__NRG1_1__ERBB4_1_	Cytoplasm	0.0	Deterministic
cyt_prot__EGFR_1__NRG1_1__ERBB4_1_	Cytoplasm	0.0	Deterministic
cyt_prot__ERBB3_1__NRG1_1__ERBB4_1_	Cytoplasm	0.0	Deterministic
cyt_prot__NRG1_1__ERBB4_1__ERBB4_1_	Cytoplasm	0.0	Deterministic
cyt_prot__HGF_1__MET_1__MET_1_	Cytoplasm	0.0	Deterministic
cyt_cong__PDGFB_1__PGFRB__PGFRB_	Cytoplasm	0.0	Deterministic
cyt_cong__FGF__FGFR__FGFR_	Cytoplasm	0.0	Deterministic
cyt_cong__IGF__IGF1R__IGF1R_	Cytoplasm	0.0	Deterministic
cyt_prot__INS_1__INSR_1__INSR_1_	Cytoplasm	0.0	Deterministic
cyt_prot__EGF_1__EGFR_1__EGF_1__EGFR_1_	Cytoplasm	0.0	Deterministic
cyt_prot__EGF_1__EGFR_1__NRG1_1__ERBB3_1_	Cytoplasm	0.0	Deterministic
cyt_prot__EGF_1__EGFR_1__NRG1_1__ERBB4_1_	Cytoplasm	0.0	Deterministic
cyt_prot__NRG1_1__ERBB3_1__NRG1_1__ERBB3_1_	Cytoplasm	0.0	Deterministic
cyt_prot__NRG1_1__ERBB3_1__NRG1_1__ERBB4_1_	Cytoplasm	0.0	Deterministic
cyt_prot__NRG1_1__ERBB4_1__NRG1_1__ERBB4_1_	Cytoplasm	0.0	Deterministic
cyt_prot__HGF_1__MET_1__HGF_1__MET_1_	Cytoplasm	0.0	Deterministic
cyt_cong__PDGFB_1__PGFRB__PDGFB_1__PGFRB_	Cytoplasm	0.0	Deterministic
cyt_cong__FGF__FGFR__FGF__FGFR_	Cytoplasm	0.0	Deterministic
cyt_cong__IGF__IGF1R__IGF__IGF1R_	Cytoplasm	0.0	Deterministic
cyt_prot__INS_1__INSR_1__INS_1__INSR_1_	Cytoplasm	0.0	Deterministic
cyt_cong__EGFR_1__p_p_MAPK_	Cytoplasm	0.495326659391754	Deterministic
cyt_cong__ERBB2_1__p_p_MAPK_	Cytoplasm	0.03732346475621135	Deterministic
cyt_cong__ERBB4_1__p_p_MAPK_	Cytoplasm	0.0	Deterministic
cyt_prot__EGF_1__pY992_pY1068_pY1086_pY1148_pY1174_EGFR_1__pY1196_pY1222_pY1248_ERBB2_1_	Cytoplasm	0.0	Deterministic
cyt_prot__EGF_1__pY992_pY1068_pY1086_pY1148_pY1174_pY992_pY1068_pY1086_pY1148_pY1174_EGFR_1__pY992_pY1068_pY1086_pY1148_pY1174_pY992_pY1068_pY1086_pY1148_pY1174_EGFR_1_	Cytoplasm	0.0	Deterministic
cyt_prot__EGF_1__pY992_pY1068_pY1086_pY1148_pY1174_pY992_pY1068_pY1086_pY1148_pY1174_EGFR_1__EGF_1__pY992_pY1068_pY1086_pY1148_pY1174_pY992_pY1068_pY1086_pY1148_pY1174_EGFR_1_	Cytoplasm	0.0	Deterministic
cyt_prot__EGF_1__pY992_pY1068_pY1086_pY1148_pY1174_EGFR_1__ERBB3_1_	Cytoplasm	0.0	Deterministic
cyt_prot__EGF_1__pY992_pY1068_pY1086_pY1148_pY1174_EGFR_1__NRG1_1__ERBB3_1_	Cytoplasm	0.0	Deterministic
cyt_prot__EGF_1__pY992_pY1068_pY1086_pY1148_pY1174_EGFR_1__pY1056_pY1162_pY1284_ERBB4_1_	Cytoplasm	0.0	Deterministic
cyt_prot__EGF_1__pY992_pY1068_pY1086_pY1148_pY1174_EGFR_1__NRG1_1__pY1056_pY1162_pY1284_ERBB4_1_	Cytoplasm	0.0	Deterministic
cyt_prot__pY1196_pY1222_pY1248_ERBB2_1__NRG1_1__ERBB3_1_	Cytoplasm	0.0	Deterministic
cyt_prot__pY992_pY1068_pY1086_pY1148_pY1174_EGFR_1__NRG1_1__ERBB3_1_	Cytoplasm	0.0	Deterministic
cyt_prot__NRG1_1__ERBB3_1__pY1056_pY1162_pY1284_ERBB4_1_	Cytoplasm	0.0	Deterministic
cyt_prot__NRG1_1__ERBB3_1__NRG1_1__pY1056_pY1162_pY1284_ERBB4_1_	Cytoplasm	0.0	Deterministic
cyt_prot__pY1196_pY1222_pY1248_ERBB2_1__NRG1_1__pY1056_pY1162_pY1284_ERBB4_1_	Cytoplasm	0.0	Deterministic
cyt_prot__pY992_pY1068_pY1086_pY1148_pY1174_EGFR_1__NRG1_1__pY1056_pY1162_pY1284_ERBB4_1_	Cytoplasm	0.0	Deterministic
cyt_prot__ERBB3_1__NRG1_1__pY1056_pY1162_pY1284_ERBB4_1_	Cytoplasm	0.0	Deterministic
cyt_prot__NRG1_1__pY1056_pY1162_pY1284_pY1056_pY1162_pY1284_ERBB4_1__pY1056_pY1162_pY1284_pY1056_pY1162_pY1284_ERBB4_1_	Cytoplasm	0.0	Deterministic
cyt_prot__NRG1_1__pY1056_pY1162_pY1284_pY1056_pY1162_pY1284_ERBB4_1__NRG1_1__pY1056_pY1162_pY1284_pY1056_pY1162_pY1284_ERBB4_1_	Cytoplasm	0.0	Deterministic
cyt_prot__HGF_1__pY1234_pY1235_pY1234_pY1235_MET_1__pY1234_pY1235_pY1234_pY1235_MET_1_	Cytoplasm	0.0	Deterministic
cyt_prot__HGF_1__pY1234_pY1235_pY1234_pY1235_MET_1__HGF_1__pY1234_pY1235_pY1234_pY1235_MET_1_	Cytoplasm	0.0	Deterministic
cyt_cong__PDGFB_1__PGFRB__PDGFB_1__PGFRB_	Cytoplasm	0.0	Deterministic
cyt_cong__PDGFB_1__PGFRB__PGFRB_	Cytoplasm	0.0	Deterministic
cyt_cong__FGF__FGFR__FGF__FGFR_	Cytoplasm	0.0	Deterministic
cyt_cong__FGF__FGFR__FGFR_	Cytoplasm	0.0	Deterministic
cyt_cong__IGF__pY980_pS982_pY1161_pY1165_pY1166_pY1280_pY1281_pY980_pS982_pY1161_pY1165_pY1166_pY1280_pY1281_IGF1R__pY980_pS982_pY1161_pY1165_pY1166_pY1280_pY1281_pY980_pS982_pY1161_pY1165_pY1166_pY1280_pY1281_IGF1R_	Cytoplasm	0.0	Deterministic
cyt_prot__INS_1__pY992_pY999_pY1011_pY1185_pY1189_pY1190_pY1314_pY1348_pY1355_pY992_pY999_pY1011_pY1185_pY1189_pY1190_pY1314_pY1348_pY1355_INSR_1__pY992_pY999_pY1011_pY1185_pY1189_pY1190_pY1314_pY1348_pY1355_pY992_pY999_pY1011_pY1185_pY1189_pY1190_pY1314_pY1348_pY1355_INSR_1_	Cytoplasm	0.0	Deterministic
cyt_cong__IGF__pY980_pS982_pY1161_pY1165_pY1166_pY1280_pY1281_pY980_pS982_pY1161_pY1165_pY1166_pY1280_pY1281_IGF1R__pY980_pS982_pY1161_pY1165_pY1166_pY1280_pY1281_pY980_pS982_pY1161_pY1165_pY1166_pY1280_pY1281_IGF1R__IGF_	Cytoplasm	0.0	Deterministic
cyt_prot__INS_1__pY992_pY999_pY1011_pY1185_pY1189_pY1190_pY1314_pY1348_pY1355_pY992_pY999_pY1011_pY1185_pY1189_pY1190_pY1314_pY1348_pY1355_INSR_1__pY992_pY999_pY1011_pY1185_pY1189_pY1190_pY1314_pY1348_pY1355_pY992_pY999_pY1011_pY1185_pY1189_pY1190_pY1314_pY1348_pY1355_INSR_1__INS_1_	Cytoplasm	0.0	Deterministic
cyt_cong__IGF__pY980_pS982_pY1161_pY1165_pY1166_pY1280_pY1281_pY980_pS982_pY1161_pY1165_pY1166_pY1280_pY1281_IGF1R__pY980_pS982_pY1161_pY1165_pY1166_pY1280_pY1281_pY980_pS982_pY1161_pY1165_pY1166_pY1280_pY1281_IGF1R__IRS_	Cytoplasm	0.0	Deterministic
cyt_cong__INS_1__pY992_pY999_pY1011_pY1185_pY1189_pY1190_pY1314_pY1348_pY1355_pY992_pY999_pY1011_pY1185_pY1189_pY1190_pY1314_pY1348_pY1355_INSR_1__pY992_pY999_pY1011_pY1185_pY1189_pY1190_pY1314_pY1348_pY1355_pY992_pY999_pY1011_pY1185_pY1189_pY1190_pY1314_pY1348_pY1355_INSR_1__IRS_	Cytoplasm	0.0	Deterministic
cyt_cong__IGF__pY980_pS982_pY1161_pY1165_pY1166_pY1280_pY1281_pY980_pS982_pY1161_pY1165_pY1166_pY1280_pY1281_IGF1R__pY980_pS982_pY1161_pY1165_pY1166_pY1280_pY1281_pY980_pS982_pY1161_pY1165_pY1166_pY1280_pY1281_IGF1R__IGF__IRS_	Cytoplasm	0.0	Deterministic
cyt_cong__INS_1__pY992_pY999_pY1011_pY1185_pY1189_pY1190_pY1314_pY1348_pY1355_pY992_pY999_pY1011_pY1185_pY1189_pY1190_pY1314_pY1348_pY1355_INSR_1__pY992_pY999_pY1011_pY1185_pY1189_pY1190_pY1314_pY1348_pY1355_pY992_pY999_pY1011_pY1185_pY1189_pY1190_pY1314_pY1348_pY1355_INSR_1__INS_1__IRS_	Cytoplasm	0.0	Deterministic
cyt_prot__SPY2__EGF_1__EGFR_1__ERBB2_1_	Cytoplasm	0.0	Deterministic
cyt_prot__SPY2__EGF_1__EGFR_1__EGFR_1_	Cytoplasm	0.0	Deterministic
cyt_prot__SPY2__EGF_1__EGFR_1__EGF_1__EGFR_1_	Cytoplasm	0.0	Deterministic
cyt_prot__SPY2__EGF_1__EGFR_1__ERBB3_1_	Cytoplasm	0.0	Deterministic
cyt_prot__SPY2__EGF_1__EGFR_1__NRG1_1__ERBB3_1_	Cytoplasm	0.0	Deterministic
cyt_prot__SPY2__EGF_1__EGFR_1__ERBB4_1_	Cytoplasm	0.0	Deterministic
cyt_prot__SPY2__EGF_1__EGFR_1__NRG1_1__ERBB4_1_	Cytoplasm	0.0	Deterministic
cyt_prot__SPY2__ERBB2_1__NRG1_1__ERBB3_1_	Cytoplasm	0.0	Deterministic
cyt_prot__SPY2__EGFR_1__NRG1_1__ERBB3_1_	Cytoplasm	0.0	Deterministic
cyt_prot__SPY2__NRG1_1__ERBB3_1__ERBB4_1_	Cytoplasm	0.0	Deterministic
cyt_prot__SPY2__NRG1_1__ERBB3_1__NRG1_1__ERBB4_1_	Cytoplasm	0.0	Deterministic
cyt_prot__SPY2__ERBB2_1__NRG1_1__ERBB4_1_	Cytoplasm	0.0	Deterministic
cyt_prot__SPY2__EGFR_1__NRG1_1__ERBB4_1_	Cytoplasm	0.0	Deterministic
cyt_prot__SPY2__ERBB3_1__NRG1_1__ERBB4_1_	Cytoplasm	0.0	Deterministic
cyt_prot__SPY2__NRG1_1__ERBB4_1__ERBB4_1_	Cytoplasm	0.0	Deterministic
cyt_prot__SPY2__NRG1_1__ERBB4_1__NRG1_1__ERBB4_1_	Cytoplasm	0.0	Deterministic
cyt_prot__SPY2__HGF_1__MET_1__MET_1_	Cytoplasm	0.0	Deterministic
cyt_prot__SPY2__HGF_1__MET_1__HGF_1__MET_1_	Cytoplasm	0.0	Deterministic
cyt_cong__SPY2__PDGFB_1__PGFRB__PDGFB_1__PGFRB_	Cytoplasm	0.0	Deterministic
cyt_cong__SPY2__PDGFB_1__PGFRB__PGFRB_	Cytoplasm	0.0	Deterministic
cyt_cong__SPY2__FGF__FGFR__FGF__FGFR_	Cytoplasm	0.0	Deterministic
cyt_cong__SPY2__FGF__FGFR__FGFR_	Cytoplasm	0.0	Deterministic
cyt_cong__SPY2__IGF__IGF1R__IGF1R_	Cytoplasm	0.0	Deterministic
cyt_prot__SPY2__INS_1__INSR_1__INSR_1_	Cytoplasm	0.0	Deterministic
cyt_cong__SPY2__IGF__IGF1R__IGF1R__IGF_	Cytoplasm	0.0	Deterministic
cyt_prot__SPY2__INS_1__INSR_1__INSR_1__INS_1_	Cytoplasm	0.0	Deterministic
cyt_prot_in__EGF_1__EGFR_1__ERBB2_1_	Cytoplasm	0.0	Deterministic
cyt_prot_in__EGF_1__EGFR_1__EGFR_1_	Cytoplasm	0.0	Deterministic
cyt_prot_in__EGF_1__EGFR_1__EGF_1__EGFR_1_	Cytoplasm	0.0	Deterministic
cyt_prot_in__EGF_1__EGFR_1__ERBB3_1_	Cytoplasm	0.0	Deterministic
cyt_prot_in__EGF_1__EGFR_1__NRG1_1__ERBB3_1_	Cytoplasm	0.0	Deterministic
cyt_prot_in__EGF_1__EGFR_1__ERBB4_1_	Cytoplasm	0.0	Deterministic
cyt_prot_in__EGF_1__EGFR_1__NRG1_1__ERBB4_1_	Cytoplasm	0.0	Deterministic
cyt_prot_in__ERBB2_1__NRG1_1__ERBB3_1_	Cytoplasm	0.0	Deterministic
cyt_prot_in__EGFR_1__NRG1_1__ERBB3_1_	Cytoplasm	0.0	Deterministic
cyt_prot_in__NRG1_1__ERBB3_1__ERBB4_1_	Cytoplasm	0.0	Deterministic
cyt_prot_in__NRG1_1__ERBB3_1__NRG1_1__ERBB4_1_	Cytoplasm	0.0	Deterministic
cyt_prot_in__ERBB2_1__NRG1_1__ERBB4_1_	Cytoplasm	0.0	Deterministic
cyt_prot_in__EGFR_1__NRG1_1__ERBB4_1_	Cytoplasm	0.0	Deterministic
cyt_prot_in__ERBB3_1__NRG1_1__ERBB4_1_	Cytoplasm	0.0	Deterministic
cyt_prot_in__NRG1_1__ERBB4_1__ERBB4_1_	Cytoplasm	0.0	Deterministic
cyt_prot_in__NRG1_1__ERBB4_1__NRG1_1__ERBB4_1_	Cytoplasm	0.0	Deterministic
cyt_prot_in__HGF_1__MET_1__MET_1_	Cytoplasm	0.0	Deterministic
cyt_prot_in__HGF_1__MET_1__HGF_1__MET_1_	Cytoplasm	0.0	Deterministic
cyt_cong_in__PDGFB_1__PGFRB__PDGFB_1__PGFRB_	Cytoplasm	0.0	Deterministic
cyt_cong_in__PDGFB_1__PGFRB__PGFRB_	Cytoplasm	0.0	Deterministic
cyt_cong_in__FGF__FGFR__FGF__FGFR_	Cytoplasm	0.0	Deterministic
cyt_cong_in__FGF__FGFR__FGFR_	Cytoplasm	0.0	Deterministic
cyt_cong_in__IGF__IGF1R__IGF1R_	Cytoplasm	0.0	Deterministic
cyt_prot_in__INS_1__INSR_1__INSR_1_	Cytoplasm	0.0	Deterministic
cyt_cong_in__IGF__IGF1R__IGF1R__IGF_	Cytoplasm	0.0	Deterministic
cyt_prot_in__INS_1__INSR_1__INSR_1__INS_1_	Cytoplasm	0.0	Deterministic
cyt_prot_in__EGF_1__pY992_pY1068_pY1086_pY1148_pY1174_EGFR_1__pY1196_pY1222_pY1248_ERBB2_1_	Cytoplasm	0.0	Deterministic
cyt_prot_in__EGF_1__pY992_pY1068_pY1086_pY1148_pY1174_pY992_pY1068_pY1086_pY1148_pY1174_EGFR_1__pY992_pY1068_pY1086_pY1148_pY1174_pY992_pY1068_pY1086_pY1148_pY1174_EGFR_1_	Cytoplasm	0.0	Deterministic
cyt_prot_in__EGF_1__pY992_pY1068_pY1086_pY1148_pY1174_pY992_pY1068_pY1086_pY1148_pY1174_EGFR_1__EGF_1__pY992_pY1068_pY1086_pY1148_pY1174_pY992_pY1068_pY1086_pY1148_pY1174_EGFR_1_	Cytoplasm	0.0	Deterministic
cyt_prot_in__EGF_1__pY992_pY1068_pY1086_pY1148_pY1174_EGFR_1__ERBB3_1_	Cytoplasm	0.0	Deterministic
cyt_prot_in__EGF_1__pY992_pY1068_pY1086_pY1148_pY1174_EGFR_1__NRG1_1__ERBB3_1_	Cytoplasm	0.0	Deterministic
cyt_prot_in__EGF_1__pY992_pY1068_pY1086_pY1148_pY1174_EGFR_1__pY1056_pY1162_pY1284_ERBB4_1_	Cytoplasm	0.0	Deterministic
cyt_prot_in__EGF_1__pY992_pY1068_pY1086_pY1148_pY1174_EGFR_1__NRG1_1__pY1056_pY1162_pY1284_ERBB4_1_	Cytoplasm	0.0	Deterministic
cyt_prot_in_pY1196_pY1222_pY1248_ERBB2_1__NRG1_1_ERBB3_1_	Cytoplasm	0.0	Deterministic
cyt_prot_in_pY992_pY1068_pY1086_pY1148_pY1174_EGFR_1__NRG1_1_ERBB3_1_	Cytoplasm	0.0	Deterministic
cyt_prot_in__NRG1_1__ERBB3_1__pY1056_pY1162_pY1284_ERBB4_1_	Cytoplasm	0.0	Deterministic
cyt_prot_in__NRG1_1__ERBB3_1__NRG1_1__pY1056_pY1162_pY1284_ERBB4_1_	Cytoplasm	0.0	Deterministic
cyt_prot_in__pY1196_pY1222_pY1248_ERBB2_1__NRG1_1__pY1056_pY1162_pY1284_ERBB4_1_	Cytoplasm	0.0	Deterministic
cyt_prot_in__pY992_pY1068_pY1086_pY1148_pY1174_EGFR_1__NRG1_1__pY1056_pY1162_pY1284_ERBB4_1_	Cytoplasm	0.0	Deterministic
cyt_prot_in__ERBB3_1__NRG1_1__pY1056_pY1162_pY1284_ERBB4_1_	Cytoplasm	0.0	Deterministic
cyt_prot_in__NRG1_1__pY1056_pY1162_pY1284_pY1056_pY1162_pY1284_ERBB4_1__pY1056_pY1162_pY1284_pY1056_pY1162_pY1284_ERBB4_1_	Cytoplasm	0.0	Deterministic
cyt_prot_in__NRG1_1__pY1056_pY1162_pY1284_pY1056_pY1162_pY1284_ERBB4_1__NRG1_1__pY1056_pY1162_pY1284_pY1056_pY1162_pY1284_ERBB4_1_	Cytoplasm	0.0	Deterministic
cyt_prot_in__HGF_1__pY1234_pY1235_pY1234_pY1235_MET_1__pY1234_pY1235_pY1234_pY1235_MET_1_	Cytoplasm	0.0	Deterministic
cyt_prot_in__HGF_1__pY1234_pY1235_pY1234_pY1235_MET_1__HGF_1__pY1234_pY1235_pY1234_pY1235_MET_1_	Cytoplasm	0.0	Deterministic
cyt_cong_in__PDGFB_1__PGFRB__PDGFB_1__PGFRB_	Cytoplasm	0.0	Deterministic
cyt_cong_in__PDGFB_1__PGFRB__PGFRB_	Cytoplasm	0.0	Deterministic
cyt_cong_in__FGF__FGFR__FGF__FGFR_	Cytoplasm	0.0	Deterministic
cyt_cong_in__FGF__FGFR__FGFR_	Cytoplasm	0.0	Deterministic
cyt_cong_in__IGF__pY980_pS982_pY1161_pY1165_pY1166_pY1280_pY1281_pY980_pS982_pY1161_pY1165_pY1166_pY1280_pY1281_IGF1R__pY980_pS982_pY1161_pY1165_pY1166_pY1280_pY1281_pY980_pS982_pY1161_pY1165_pY1166_pY1280_pY1281_IGF1R_	Cytoplasm	0.0	Deterministic
cyt_prot_in__INS_1__pY992_pY999_pY1011_pY1185_pY1189_pY1190_pY1314_pY1348_pY1355_pY992_pY999_pY1011_pY1185_pY1189_pY1190_pY1314_pY1348_pY1355_INSR_1__pY992_pY999_pY1011_pY1185_pY1189_pY1190_pY1314_pY1348_pY1355_pY992_pY999_pY1011_pY1185_pY1189_pY1190_pY1314_pY1348_pY1355_INSR_1_	Cytoplasm	0.0	Deterministic
cyt_cong_in__IGF__pY980_pS982_pY1161_pY1165_pY1166_pY1280_pY1281_pY980_pS982_pY1161_pY1165_pY1166_pY1280_pY1281_IGF1R__pY980_pS982_pY1161_pY1165_pY1166_pY1280_pY1281_pY980_pS982_pY1161_pY1165_pY1166_pY1280_pY1281_IGF1R__IGF_	Cytoplasm	0.0	Deterministic
cyt_prot_in__INS_1__pY992_pY999_pY1011_pY1185_pY1189_pY1190_pY1314_pY1348_pY1355_pY992_pY999_pY1011_pY1185_pY1189_pY1190_pY1314_pY1348_pY1355_INSR_1__pY992_pY999_pY1011_pY1185_pY1189_pY1190_pY1314_pY1348_pY1355_pY992_pY999_pY1011_pY1185_pY1189_pY1190_pY1314_pY1348_pY1355_INSR_1__INS_1_	Cytoplasm	0.0	Deterministic
cyt_cong_in__IGF__pY980_pS982_pY1161_pY1165_pY1166_pY1280_pY1281_pY980_pS982_pY1161_pY1165_pY1166_pY1280_pY1281_IGF1R__pY980_pS982_pY1161_pY1165_pY1166_pY1280_pY1281_pY980_pS982_pY1161_pY1165_pY1166_pY1280_pY1281_IGF1R__IRS_	Cytoplasm	0.0	Deterministic
cyt_cong_in__INS_1__pY992_pY999_pY1011_pY1185_pY1189_pY1190_pY1314_pY1348_pY1355_pY992_pY999_pY1011_pY1185_pY1189_pY1190_pY1314_pY1348_pY1355_INSR_1__pY992_pY999_pY1011_pY1185_pY1189_pY1190_pY1314_pY1348_pY1355_pY992_pY999_pY1011_pY1185_pY1189_pY1190_pY1314_pY1348_pY1355_INSR_1__IRS_	Cytoplasm	0.0	Deterministic
cyt_cong_in__IGF__pY980_pS982_pY1161_pY1165_pY1166_pY1280_pY1281_pY980_pS982_pY1161_pY1165_pY1166_pY1280_pY1281_IGF1R__pY980_pS982_pY1161_pY1165_pY1166_pY1280_pY1281_pY980_pS982_pY1161_pY1165_pY1166_pY1280_pY1281_IGF1R__IGF__IRS_	Cytoplasm	0.0	Deterministic
cyt_cong_in__INS_1__pY992_pY999_pY1011_pY1185_pY1189_pY1190_pY1314_pY1348_pY1355_pY992_pY999_pY1011_pY1185_pY1189_pY1190_pY1314_pY1348_pY1355_INSR_1__pY992_pY999_pY1011_pY1185_pY1189_pY1190_pY1314_pY1348_pY1355_pY992_pY999_pY1011_pY1185_pY1189_pY1190_pY1314_pY1348_pY1355_INSR_1__INS_1__IRS_	Cytoplasm	0.0	Deterministic
cyt_prot__EGF_1__pY992_pY1068_pY1086_pY1148_pY1174_EGFR_1__pY1196_pY1222_pY1248_ERBB2_1__GRB2__SOS1_1_	Cytoplasm	0.0	Deterministic
cyt_prot__EGF_1__pY992_pY1068_pY1086_pY1148_pY1174_pY992_pY1068_pY1086_pY1148_pY1174_EGFR_1__pY992_pY1068_pY1086_pY1148_pY1174_pY992_pY1068_pY1086_pY1148_pY1174_EGFR_1__GRB2__SOS1_1_	Cytoplasm	0.0	Deterministic
cyt_prot__EGF_1__pY992_pY1068_pY1086_pY1148_pY1174_pY992_pY1068_pY1086_pY1148_pY1174_EGFR_1__EGF_1__pY992_pY1068_pY1086_pY1148_pY1174_pY992_pY1068_pY1086_pY1148_pY1174_EGFR_1__GRB2__SOS1_1_	Cytoplasm	0.0	Deterministic
cyt_prot__EGF_1__pY992_pY1068_pY1086_pY1148_pY1174_EGFR_1__ERBB3_1__GRB2__SOS1_1_	Cytoplasm	0.0	Deterministic
cyt_prot__EGF_1__pY992_pY1068_pY1086_pY1148_pY1174_EGFR_1__NRG1_1__ERBB3_1__GRB2__SOS1_1_	Cytoplasm	0.0	Deterministic
cyt_prot__EGF_1__pY992_pY1068_pY1086_pY1148_pY1174_EGFR_1__pY1056_pY1162_pY1284_ERBB4_1__GRB2__SOS1_1_	Cytoplasm	0.0	Deterministic
cyt_prot__EGF_1__pY992_pY1068_pY1086_pY1148_pY1174_EGFR_1__NRG1_1__pY1056_pY1162_pY1284_ERBB4_1__GRB2__SOS1_1_	Cytoplasm	0.0	Deterministic
cyt_prot__pY1196_pY1222_pY1248_ERBB2_1__NRG1_1__ERBB3_1__GRB2__SOS1_1_	Cytoplasm	0.0	Deterministic
cyt_prot__pY992_pY1068_pY1086_pY1148_pY1174_EGFR_1__NRG1_1__ERBB3_1__GRB2__SOS1_1_	Cytoplasm	0.0	Deterministic
cyt_prot__NRG1_1__ERBB3_1__pY1056_pY1162_pY1284_ERBB4_1__GRB2__SOS1_1_	Cytoplasm	0.0	Deterministic
cyt_prot__NRG1_1__ERBB3_1__NRG1_1__pY1056_pY1162_pY1284_ERBB4_1__GRB2__SOS1_1_	Cytoplasm	0.0	Deterministic
cyt_prot__pY1196_pY1222_pY1248_ERBB2_1__NRG1_1__pY1056_pY1162_pY1284_ERBB4_1__GRB2__SOS1_1_	Cytoplasm	0.0	Deterministic
cyt_prot__pY992_pY1068_pY1086_pY1148_pY1174_EGFR_1__NRG1_1__pY1056_pY1162_pY1284_ERBB4_1__GRB2__SOS1_1_	Cytoplasm	0.0	Deterministic
cyt_prot__ERBB3_1__NRG1_1__pY1056_pY1162_pY1284_ERBB4_1__GRB2__SOS1_1_	Cytoplasm	0.0	Deterministic
cyt_prot__NRG1_1__pY1056_pY1162_pY1284_pY1056_pY1162_pY1284_ERBB4_1__pY1056_pY1162_pY1284_pY1056_pY1162_pY1284_ERBB4_1__GRB2__SOS1_1_	Cytoplasm	0.0	Deterministic
cyt_prot__NRG1_1__pY1056_pY1162_pY1284_pY1056_pY1162_pY1284_ERBB4_1__NRG1_1__pY1056_pY1162_pY1284_pY1056_pY1162_pY1284_ERBB4_1__GRB2__SOS1_1_	Cytoplasm	0.0	Deterministic
cyt_prot__HGF_1__pY1234_pY1235_pY1234_pY1235_MET_1__pY1234_pY1235_pY1234_pY1235_MET_1__GRB2__SOS1_1_	Cytoplasm	0.0	Deterministic
cyt_prot__HGF_1__pY1234_pY1235_pY1234_pY1235_MET_1__HGF_1__pY1234_pY1235_pY1234_pY1235_MET_1__GRB2__SOS1_1_	Cytoplasm	0.0	Deterministic
cyt_cong__PDGFB_1__PGFRB__PDGFB_1__PGFRB__GRB2__SOS1_1_	Cytoplasm	0.0	Deterministic
cyt_cong__PDGFB_1__PGFRB__PGFRB__GRB2__SOS1_1_	Cytoplasm	0.0	Deterministic
cyt_cong__FGF__FGFR__FGF__FGFR__GRB2__SOS1_1_	Cytoplasm	0.0	Deterministic
cyt_cong__FGF__FGFR__FGFR__GRB2__SOS1_1_	Cytoplasm	0.0	Deterministic
cyt_cong__IGF__pY980_pS982_pY1161_pY1165_pY1166_pY1280_pY1281_pY980_pS982_pY1161_pY1165_pY1166_pY1280_pY1281_IGF1R__pY980_pS982_pY1161_pY1165_pY1166_pY1280_pY1281_pY980_pS982_pY1161_pY1165_pY1166_pY1280_pY1281_IGF1R__IRS__GRB2__SOS1_1_	Cytoplasm	0.0	Deterministic
cyt_cong__INS_1__pY992_pY999_pY1011_pY1185_pY1189_pY1190_pY1314_pY1348_pY1355_pY992_pY999_pY1011_pY1185_pY1189_pY1190_pY1314_pY1348_pY1355_INSR_1__pY992_pY999_pY1011_pY1185_pY1189_pY1190_pY1314_pY1348_pY1355_pY992_pY999_pY1011_pY1185_pY1189_pY1190_pY1314_pY1348_pY1355_INSR_1__IRS__GRB2__SOS1_1_	Cytoplasm	0.0	Deterministic
cyt_cong__IGF__pY980_pS982_pY1161_pY1165_pY1166_pY1280_pY1281_pY980_pS982_pY1161_pY1165_pY1166_pY1280_pY1281_IGF1R__pY980_pS982_pY1161_pY1165_pY1166_pY1280_pY1281_pY980_pS982_pY1161_pY1165_pY1166_pY1280_pY1281_IGF1R__IGF__IRS__GRB2__SOS1_1_	Cytoplasm	0.0	Deterministic
cyt_cong__INS_1__pY992_pY999_pY1011_pY1185_pY1189_pY1190_pY1314_pY1348_pY1355_pY992_pY999_pY1011_pY1185_pY1189_pY1190_pY1314_pY1348_pY1355_INSR_1__pY992_pY999_pY1011_pY1185_pY1189_pY1190_pY1314_pY1348_pY1355_pY992_pY999_pY1011_pY1185_pY1189_pY1190_pY1314_pY1348_pY1355_INSR_1__INS_1__IRS__GRB2__SOS1_1_	Cytoplasm	0.0	Deterministic
cyt_prot_in__EGF_1__pY992_pY1068_pY1086_pY1148_pY1174_EGFR_1__pY1196_pY1222_pY1248_ERBB2_1__GRB2__SOS1_1_	Cytoplasm	0.0	Deterministic
cyt_prot_in__EGF_1__pY992_pY1068_pY1086_pY1148_pY1174_pY992_pY1068_pY1086_pY1148_pY1174_EGFR_1__pY992_pY1068_pY1086_pY1148_pY1174_pY992_pY1068_pY1086_pY1148_pY1174_EGFR_1__GRB2__SOS1_1_	Cytoplasm	0.0	Deterministic
cyt_prot_in__EGF_1__pY992_pY1068_pY1086_pY1148_pY1174_pY992_pY1068_pY1086_pY1148_pY1174_EGFR_1__EGF_1__pY992_pY1068_pY1086_pY1148_pY1174_pY992_pY1068_pY1086_pY1148_pY1174_EGFR_1__GRB2__SOS1_1_	Cytoplasm	0.0	Deterministic
cyt_prot_in__EGF_1__pY992_pY1068_pY1086_pY1148_pY1174_EGFR_1__ERBB3_1__GRB2__SOS1_1_	Cytoplasm	0.0	Deterministic
cyt_prot_in__EGF_1__pY992_pY1068_pY1086_pY1148_pY1174_EGFR_1__NRG1_1__ERBB3_1__GRB2__SOS1_1_	Cytoplasm	0.0	Deterministic
cyt_prot_in__EGF_1__pY992_pY1068_pY1086_pY1148_pY1174_EGFR_1__pY1056_pY1162_pY1284_ERBB4_1__GRB2__SOS1_1_	Cytoplasm	0.0	Deterministic
cyt_prot_in__EGF_1__pY992_pY1068_pY1086_pY1148_pY1174_EGFR_1__NRG1_1__pY1056_pY1162_pY1284_ERBB4_1__GRB2__SOS1_1_	Cytoplasm	0.0	Deterministic
cyt_prot_in__pY1196_pY1222_pY1248_ERBB2_1__NRG1_1__ERBB3_1__GRB2__SOS1_1_	Cytoplasm	0.0	Deterministic
cyt_prot_in__pY992_pY1068_pY1086_pY1148_pY1174_EGFR_1__NRG1_1__ERBB3_1__GRB2__SOS1_1_	Cytoplasm	0.0	Deterministic
cyt_prot_in__NRG1_1__ERBB3_1__pY1056_pY1162_pY1284_ERBB4_1__GRB2__SOS1_1_	Cytoplasm	0.0	Deterministic
cyt_prot_in__NRG1_1__ERBB3_1__NRG1_1__pY1056_pY1162_pY1284_ERBB4_1__GRB2__SOS1_1_	Cytoplasm	0.0	Deterministic
cyt_prot_in__pY1196_pY1222_pY1248_ERBB2_1__NRG1_1__pY1056_pY1162_pY1284_ERBB4_1__GRB2__SOS1_1_	Cytoplasm	0.0	Deterministic
cyt_prot_in__pY992_pY1068_pY1086_pY1148_pY1174_EGFR_1__NRG1_1__pY1056_pY1162_pY1284_ERBB4_1__GRB2__SOS1_1_	Cytoplasm	0.0	Deterministic
cyt_prot_in__ERBB3_1__NRG1_1__pY1056_pY1162_pY1284_ERBB4_1__GRB2__SOS1_1_	Cytoplasm	0.0	Deterministic
cyt_prot_in__NRG1_1__pY1056_pY1162_pY1284_pY1056_pY1162_pY1284_ERBB4_1__pY1056_pY1162_pY1284_pY1056_pY1162_pY1284_ERBB4_1__GRB2__SOS1_1_	Cytoplasm	0.0	Deterministic
cyt_prot_in__NRG1_1__pY1056_pY1162_pY1284_pY1056_pY1162_pY1284_ERBB4_1__NRG1_1__pY1056_pY1162_pY1284_pY1056_pY1162_pY1284_ERBB4_1__GRB2__SOS1_1_	Cytoplasm	0.0	Deterministic
cyt_prot_in__HGF_1__pY1234_pY1235_pY1234_pY1235_MET_1__pY1234_pY1235_pY1234_pY1235_MET_1__GRB2__SOS1_1_	Cytoplasm	0.0	Deterministic
cyt_prot_in__HGF_1__pY1234_pY1235_pY1234_pY1235_MET_1__HGF_1__pY1234_pY1235_pY1234_pY1235_MET_1__GRB2__SOS1_1_	Cytoplasm	0.0	Deterministic
cyt_cong_in__PDGFB_1__PGFRB__PDGFB_1__PGFRB__GRB2__SOS1_1_	Cytoplasm	0.0	Deterministic
cyt_cong_in__PDGFB_1__PGFRB__PGFRB__GRB2__SOS1_1_	Cytoplasm	0.0	Deterministic
cyt_cong_in__FGF__FGFR__FGF__FGFR__GRB2__SOS1_1_	Cytoplasm	0.0	Deterministic
cyt_cong_in__FGF__FGFR__FGFR__GRB2__SOS1_1_	Cytoplasm	0.0	Deterministic
cyt_cong_in__IGF__pY980_pS982_pY1161_pY1165_pY1166_pY1280_pY1281_pY980_pS982_pY1161_pY1165_pY1166_pY1280_pY1281_IGF1R__pY980_pS982_pY1161_pY1165_pY1166_pY1280_pY1281_pY980_pS982_pY1161_pY1165_pY1166_pY1280_pY1281_IGF1R__IRS__GRB2__SOS1_1_	Cytoplasm	0.0	Deterministic
cyt_cong_in__INS_1__pY992_pY999_pY1011_pY1185_pY1189_pY1190_pY1314_pY1348_pY1355_pY992_pY999_pY1011_pY1185_pY1189_pY1190_pY1314_pY1348_pY1355_INSR_1__pY992_pY999_pY1011_pY1185_pY1189_pY1190_pY1314_pY1348_pY1355_pY992_pY999_pY1011_pY1185_pY1189_pY1190_pY1314_pY1348_pY1355_INSR_1__IRS__GRB2__SOS1_1_	Cytoplasm	0.0	Deterministic
cyt_cong_in__IGF__pY980_pS982_pY1161_pY1165_pY1166_pY1280_pY1281_pY980_pS982_pY1161_pY1165_pY1166_pY1280_pY1281_IGF1R__pY980_pS982_pY1161_pY1165_pY1166_pY1280_pY1281_pY980_pS982_pY1161_pY1165_pY1166_pY1280_pY1281_IGF1R__IGF__IRS__GRB2__SOS1_1_	Cytoplasm	0.0	Deterministic
cyt_cong_in__INS_1__pY992_pY999_pY1011_pY1185_pY1189_pY1190_pY1314_pY1348_pY1355_pY992_pY999_pY1011_pY1185_pY1189_pY1190_pY1314_pY1348_pY1355_INSR_1__pY992_pY999_pY1011_pY1185_pY1189_pY1190_pY1314_pY1348_pY1355_pY992_pY999_pY1011_pY1185_pY1189_pY1190_pY1314_pY1348_pY1355_INSR_1__INS_1__IRS__GRB2__SOS1_1_	Cytoplasm	0.0	Deterministic
cyt_prot__EGF_1__pY992_pY1068_pY1086_pY1148_pY1174_EGFR_1__pY1196_pY1222_pY1248_ERBB2_1__PLCG_	Cytoplasm	0.0	Deterministic
cyt_prot__EGF_1__pY992_pY1068_pY1086_pY1148_pY1174_pY992_pY1068_pY1086_pY1148_pY1174_EGFR_1__pY992_pY1068_pY1086_pY1148_pY1174_pY992_pY1068_pY1086_pY1148_pY1174_EGFR_1__PLCG_	Cytoplasm	0.0	Deterministic
cyt_prot__EGF_1__pY992_pY1068_pY1086_pY1148_pY1174_pY992_pY1068_pY1086_pY1148_pY1174_EGFR_1__EGF_1__pY992_pY1068_pY1086_pY1148_pY1174_pY992_pY1068_pY1086_pY1148_pY1174_EGFR_1__PLCG_	Cytoplasm	0.0	Deterministic
cyt_prot__EGF_1__pY992_pY1068_pY1086_pY1148_pY1174_EGFR_1__ERBB3_1__PLCG_	Cytoplasm	0.0	Deterministic
cyt_prot__EGF_1__pY992_pY1068_pY1086_pY1148_pY1174_EGFR_1__NRG1_1__ERBB3_1__PLCG_	Cytoplasm	0.0	Deterministic
cyt_prot__EGF_1__pY992_pY1068_pY1086_pY1148_pY1174_EGFR_1__pY1056_pY1162_pY1284_ERBB4_1__PLCG_	Cytoplasm	0.0	Deterministic
cyt_prot__EGF_1__pY992_pY1068_pY1086_pY1148_pY1174_EGFR_1__NRG1_1__pY1056_pY1162_pY1284_ERBB4_1__PLCG_	Cytoplasm	0.0	Deterministic
cyt_prot__pY1196_pY1222_pY1248_ERBB2_1__NRG1_1__ERBB3_1__PLCG_	Cytoplasm	0.0	Deterministic
cyt_prot__pY992_pY1068_pY1086_pY1148_pY1174_EGFR_1__NRG1_1__ERBB3_1__PLCG_	Cytoplasm	0.0	Deterministic
cyt_prot__NRG1_1__ERBB3_1__pY1056_pY1162_pY1284_ERBB4_1__PLCG_	Cytoplasm	0.0	Deterministic
cyt_prot__NRG1_1__ERBB3_1__NRG1_1__pY1056_pY1162_pY1284_ERBB4_1__PLCG_	Cytoplasm	0.0	Deterministic
cyt_prot__pY1196_pY1222_pY1248_ERBB2_1__NRG1_1__pY1056_pY1162_pY1284_ERBB4_1__PLCG_	Cytoplasm	0.0	Deterministic
cyt_prot__pY992_pY1068_pY1086_pY1148_pY1174_EGFR_1__NRG1_1__pY1056_pY1162_pY1284_ERBB4_1__PLCG_	Cytoplasm	0.0	Deterministic
cyt_prot__ERBB3_1__NRG1_1__pY1056_pY1162_pY1284_ERBB4_1__PLCG_	Cytoplasm	0.0	Deterministic
cyt_prot__NRG1_1__pY1056_pY1162_pY1284_pY1056_pY1162_pY1284_ERBB4_1__pY1056_pY1162_pY1284_pY1056_pY1162_pY1284_ERBB4_1__PLCG_	Cytoplasm	0.0	Deterministic
cyt_prot__NRG1_1__pY1056_pY1162_pY1284_pY1056_pY1162_pY1284_ERBB4_1__NRG1_1__pY1056_pY1162_pY1284_pY1056_pY1162_pY1284_ERBB4_1__PLCG_	Cytoplasm	0.0	Deterministic
cyt_prot__HGF_1__pY1234_pY1235_pY1234_pY1235_MET_1__pY1234_pY1235_pY1234_pY1235_MET_1__PLCG_	Cytoplasm	0.0	Deterministic
cyt_prot__HGF_1__pY1234_pY1235_pY1234_pY1235_MET_1__HGF_1__pY1234_pY1235_pY1234_pY1235_MET_1__PLCG_	Cytoplasm	0.0	Deterministic
cyt_cong__PDGFB_1__PGFRB__PDGFB_1__PGFRB__PLCG_	Cytoplasm	0.0	Deterministic
cyt_cong__PDGFB_1__PGFRB__PGFRB__PLCG_	Cytoplasm	0.0	Deterministic
cyt_cong__FGF__FGFR__FGF__FGFR__PLCG_	Cytoplasm	0.0	Deterministic
cyt_cong__FGF__FGFR__FGFR__PLCG_	Cytoplasm	0.0	Deterministic
cyt_cong__IGF__pY980_pS982_pY1161_pY1165_pY1166_pY1280_pY1281_pY980_pS982_pY1161_pY1165_pY1166_pY1280_pY1281_IGF1R__pY980_pS982_pY1161_pY1165_pY1166_pY1280_pY1281_pY980_pS982_pY1161_pY1165_pY1166_pY1280_pY1281_IGF1R__IRS__PLCG_	Cytoplasm	0.0	Deterministic
cyt_cong__INS_1__pY992_pY999_pY1011_pY1185_pY1189_pY1190_pY1314_pY1348_pY1355_pY992_pY999_pY1011_pY1185_pY1189_pY1190_pY1314_pY1348_pY1355_INSR_1__pY992_pY999_pY1011_pY1185_pY1189_pY1190_pY1314_pY1348_pY1355_pY992_pY999_pY1011_pY1185_pY1189_pY1190_pY1314_pY1348_pY1355_INSR_1__IRS__PLCG_	Cytoplasm	0.0	Deterministic
cyt_cong__IGF__pY980_pS982_pY1161_pY1165_pY1166_pY1280_pY1281_pY980_pS982_pY1161_pY1165_pY1166_pY1280_pY1281_IGF1R__pY980_pS982_pY1161_pY1165_pY1166_pY1280_pY1281_pY980_pS982_pY1161_pY1165_pY1166_pY1280_pY1281_IGF1R__IGF__IRS__PLCG_	Cytoplasm	0.0	Deterministic
cyt_cong__INS_1__pY992_pY999_pY1011_pY1185_pY1189_pY1190_pY1314_pY1348_pY1355_pY992_pY999_pY1011_pY1185_pY1189_pY1190_pY1314_pY1348_pY1355_INSR_1__pY992_pY999_pY1011_pY1185_pY1189_pY1190_pY1314_pY1348_pY1355_pY992_pY999_pY1011_pY1185_pY1189_pY1190_pY1314_pY1348_pY1355_INSR_1__INS_1__IRS__PLCG_	Cytoplasm	0.0	Deterministic
cyt_cong__EGF_1__pY992_pY1068_pY1086_pY1148_pY1174_EGFR_1__pY1196_pY1222_pY1248_ERBB2_1__PIK3C__PIK3R_	Cytoplasm	0.0	Deterministic
cyt_cong__EGF_1__pY992_pY1068_pY1086_pY1148_pY1174_pY992_pY1068_pY1086_pY1148_pY1174_EGFR_1__pY992_pY1068_pY1086_pY1148_pY1174_pY992_pY1068_pY1086_pY1148_pY1174_EGFR_1__PIK3C__PIK3R_	Cytoplasm	0.0	Deterministic
cyt_cong__EGF_1__pY992_pY1068_pY1086_pY1148_pY1174_pY992_pY1068_pY1086_pY1148_pY1174_EGFR_1__EGF_1__pY992_pY1068_pY1086_pY1148_pY1174_pY992_pY1068_pY1086_pY1148_pY1174_EGFR_1__PIK3C__PIK3R_	Cytoplasm	0.0	Deterministic
cyt_cong__EGF_1__pY992_pY1068_pY1086_pY1148_pY1174_EGFR_1__ERBB3_1__PIK3C__PIK3R_	Cytoplasm	0.0	Deterministic
cyt_cong__EGF_1__pY992_pY1068_pY1086_pY1148_pY1174_EGFR_1__NRG1_1__ERBB3_1__PIK3C__PIK3R_	Cytoplasm	0.0	Deterministic
cyt_cong__EGF_1__pY992_pY1068_pY1086_pY1148_pY1174_EGFR_1__pY1056_pY1162_pY1284_ERBB4_1__PIK3C__PIK3R_	Cytoplasm	0.0	Deterministic
cyt_cong__EGF_1__pY992_pY1068_pY1086_pY1148_pY1174_EGFR_1__NRG1_1__pY1056_pY1162_pY1284_ERBB4_1__PIK3C__PIK3R_	Cytoplasm	0.0	Deterministic
cyt_cong__pY1196_pY1222_pY1248_ERBB2_1__NRG1_1__ERBB3_1__PIK3C__PIK3R_	Cytoplasm	0.0	Deterministic
cyt_cong__pY992_pY1068_pY1086_pY1148_pY1174_EGFR_1__NRG1_1__ERBB3_1__PIK3C__PIK3R_	Cytoplasm	0.0	Deterministic
cyt_cong__NRG1_1__ERBB3_1__pY1056_pY1162_pY1284_ERBB4_1__PIK3C__PIK3R_	Cytoplasm	0.0	Deterministic
cyt_cong__NRG1_1__ERBB3_1__NRG1_1__pY1056_pY1162_pY1284_ERBB4_1__PIK3C__PIK3R_	Cytoplasm	0.0	Deterministic
cyt_cong__pY1196_pY1222_pY1248_ERBB2_1__NRG1_1__pY1056_pY1162_pY1284_ERBB4_1__PIK3C__PIK3R_	Cytoplasm	0.0	Deterministic
cyt_cong__pY992_pY1068_pY1086_pY1148_pY1174_EGFR_1__NRG1_1__pY1056_pY1162_pY1284_ERBB4_1__PIK3C__PIK3R_	Cytoplasm	0.0	Deterministic
cyt_cong__ERBB3_1__NRG1_1__pY1056_pY1162_pY1284_ERBB4_1__PIK3C__PIK3R_	Cytoplasm	0.0	Deterministic
cyt_cong__NRG1_1__pY1056_pY1162_pY1284_pY1056_pY1162_pY1284_ERBB4_1__pY1056_pY1162_pY1284_pY1056_pY1162_pY1284_ERBB4_1__PIK3C__PIK3R_	Cytoplasm	0.0	Deterministic
cyt_cong__NRG1_1__pY1056_pY1162_pY1284_pY1056_pY1162_pY1284_ERBB4_1__NRG1_1__pY1056_pY1162_pY1284_pY1056_pY1162_pY1284_ERBB4_1__PIK3C__PIK3R_	Cytoplasm	0.0	Deterministic
cyt_cong__HGF_1__pY1234_pY1235_pY1234_pY1235_MET_1__pY1234_pY1235_pY1234_pY1235_MET_1__PIK3C__PIK3R_	Cytoplasm	0.0	Deterministic
cyt_cong__HGF_1__pY1234_pY1235_pY1234_pY1235_MET_1__HGF_1__pY1234_pY1235_pY1234_pY1235_MET_1__PIK3C__PIK3R_	Cytoplasm	0.0	Deterministic
cyt_cong__PDGFB_1__PGFRB__PDGFB_1__PGFRB__PIK3C__PIK3R_	Cytoplasm	0.0	Deterministic
cyt_cong__PDGFB_1__PGFRB__PGFRB__PIK3C__PIK3R_	Cytoplasm	0.0	Deterministic
cyt_cong__FGF__FGFR__FGF__FGFR__PIK3C__PIK3R_	Cytoplasm	0.0	Deterministic
cyt_cong__FGF__FGFR__FGFR__PIK3C__PIK3R_	Cytoplasm	0.0	Deterministic
cyt_cong__IGF__pY980_pS982_pY1161_pY1165_pY1166_pY1280_pY1281_pY980_pS982_pY1161_pY1165_pY1166_pY1280_pY1281_IGF1R__pY980_pS982_pY1161_pY1165_pY1166_pY1280_pY1281_pY980_pS982_pY1161_pY1165_pY1166_pY1280_pY1281_IGF1R__IRS__PIK3C__PIK3R_	Cytoplasm	0.0	Deterministic
cyt_cong__INS_1__pY992_pY999_pY1011_pY1185_pY1189_pY1190_pY1314_pY1348_pY1355_pY992_pY999_pY1011_pY1185_pY1189_pY1190_pY1314_pY1348_pY1355_INSR_1__pY992_pY999_pY1011_pY1185_pY1189_pY1190_pY1314_pY1348_pY1355_pY992_pY999_pY1011_pY1185_pY1189_pY1190_pY1314_pY1348_pY1355_INSR_1__IRS__PIK3C__PIK3R_	Cytoplasm	0.0	Deterministic
cyt_cong__IGF__pY980_pS982_pY1161_pY1165_pY1166_pY1280_pY1281_pY980_pS982_pY1161_pY1165_pY1166_pY1280_pY1281_IGF1R__pY980_pS982_pY1161_pY1165_pY1166_pY1280_pY1281_pY980_pS982_pY1161_pY1165_pY1166_pY1280_pY1281_IGF1R__IGF__IRS__PIK3C__PIK3R_	Cytoplasm	0.0	Deterministic
cyt_cong__INS_1__pY992_pY999_pY1011_pY1185_pY1189_pY1190_pY1314_pY1348_pY1355_pY992_pY999_pY1011_pY1185_pY1189_pY1190_pY1314_pY1348_pY1355_INSR_1__pY992_pY999_pY1011_pY1185_pY1189_pY1190_pY1314_pY1348_pY1355_pY992_pY999_pY1011_pY1185_pY1189_pY1190_pY1314_pY1348_pY1355_INSR_1__INS_1__IRS__PIK3C__PIK3R_	Cytoplasm	0.0	Deterministic
cyt_prot__EGF_1__pY992_pY1068_pY1086_pY1148_pY1174_EGFR_1__pY1196_pY1222_pY1248_ERBB2_1__P3C2A_	Cytoplasm	0.0	Deterministic
cyt_prot__EGF_1__pY992_pY1068_pY1086_pY1148_pY1174_pY992_pY1068_pY1086_pY1148_pY1174_EGFR_1__pY992_pY1068_pY1086_pY1148_pY1174_pY992_pY1068_pY1086_pY1148_pY1174_EGFR_1__P3C2A_	Cytoplasm	0.0	Deterministic
cyt_prot__EGF_1__pY992_pY1068_pY1086_pY1148_pY1174_pY992_pY1068_pY1086_pY1148_pY1174_EGFR_1__EGF_1__pY992_pY1068_pY1086_pY1148_pY1174_pY992_pY1068_pY1086_pY1148_pY1174_EGFR_1__P3C2A_	Cytoplasm	0.0	Deterministic
cyt_prot__EGF_1__pY992_pY1068_pY1086_pY1148_pY1174_EGFR_1__ERBB3_1__P3C2A_	Cytoplasm	0.0	Deterministic
cyt_prot__EGF_1__pY992_pY1068_pY1086_pY1148_pY1174_EGFR_1__NRG1_1__ERBB3_1__P3C2A_	Cytoplasm	0.0	Deterministic
cyt_prot__EGF_1__pY992_pY1068_pY1086_pY1148_pY1174_EGFR_1__pY1056_pY1162_pY1284_ERBB4_1__P3C2A_	Cytoplasm	0.0	Deterministic
cyt_prot__EGF_1__pY992_pY1068_pY1086_pY1148_pY1174_EGFR_1__NRG1_1__pY1056_pY1162_pY1284_ERBB4_1__P3C2A_	Cytoplasm	0.0	Deterministic
cyt_prot__pY1196_pY1222_pY1248_ERBB2_1__NRG1_1__ERBB3_1__P3C2A_	Cytoplasm	0.0	Deterministic
cyt_prot__pY992_pY1068_pY1086_pY1148_pY1174_EGFR_1__NRG1_1__ERBB3_1__P3C2A_	Cytoplasm	0.0	Deterministic
cyt_prot__NRG1_1__ERBB3_1__pY1056_pY1162_pY1284_ERBB4_1__P3C2A_	Cytoplasm	0.0	Deterministic
cyt_prot__NRG1_1__ERBB3_1__NRG1_1__pY1056_pY1162_pY1284_ERBB4_1__P3C2A_	Cytoplasm	0.0	Deterministic
cyt_prot__pY1196_pY1222_pY1248_ERBB2_1__NRG1_1__pY1056_pY1162_pY1284_ERBB4_1__P3C2A_	Cytoplasm	0.0	Deterministic
cyt_prot__pY992_pY1068_pY1086_pY1148_pY1174_EGFR_1__NRG1_1__pY1056_pY1162_pY1284_ERBB4_1__P3C2A_	Cytoplasm	0.0	Deterministic
cyt_prot__ERBB3_1__NRG1_1__pY1056_pY1162_pY1284_ERBB4_1__P3C2A_	Cytoplasm	0.0	Deterministic
cyt_prot__NRG1_1__pY1056_pY1162_pY1284_pY1056_pY1162_pY1284_ERBB4_1__pY1056_pY1162_pY1284_pY1056_pY1162_pY1284_ERBB4_1__P3C2A_	Cytoplasm	0.0	Deterministic
cyt_prot__NRG1_1__pY1056_pY1162_pY1284_pY1056_pY1162_pY1284_ERBB4_1__NRG1_1__pY1056_pY1162_pY1284_pY1056_pY1162_pY1284_ERBB4_1__P3C2A_	Cytoplasm	0.0	Deterministic
cyt_prot__HGF_1__pY1234_pY1235_pY1234_pY1235_MET_1__pY1234_pY1235_pY1234_pY1235_MET_1__P3C2A_	Cytoplasm	0.0	Deterministic
cyt_prot__HGF_1__pY1234_pY1235_pY1234_pY1235_MET_1__HGF_1__pY1234_pY1235_pY1234_pY1235_MET_1__P3C2A_	Cytoplasm	0.0	Deterministic
cyt_cong__PDGFB_1__PGFRB__PDGFB_1__PGFRB__P3C2A_	Cytoplasm	0.0	Deterministic
cyt_cong__PDGFB_1__PGFRB__PGFRB__P3C2A_	Cytoplasm	0.0	Deterministic
cyt_cong__FGF__FGFR__FGF__FGFR__P3C2A_	Cytoplasm	0.0	Deterministic
cyt_cong__FGF__FGFR__FGFR__P3C2A_	Cytoplasm	0.0	Deterministic
cyt_cong__IGF__pY980_pS982_pY1161_pY1165_pY1166_pY1280_pY1281_pY980_pS982_pY1161_pY1165_pY1166_pY1280_pY1281_IGF1R__pY980_pS982_pY1161_pY1165_pY1166_pY1280_pY1281_pY980_pS982_pY1161_pY1165_pY1166_pY1280_pY1281_IGF1R__IRS__P3C2A_	Cytoplasm	0.0	Deterministic
cyt_cong__INS_1__pY992_pY999_pY1011_pY1185_pY1189_pY1190_pY1314_pY1348_pY1355_pY992_pY999_pY1011_pY1185_pY1189_pY1190_pY1314_pY1348_pY1355_INSR_1__pY992_pY999_pY1011_pY1185_pY1189_pY1190_pY1314_pY1348_pY1355_pY992_pY999_pY1011_pY1185_pY1189_pY1190_pY1314_pY1348_pY1355_INSR_1__IRS__P3C2A_	Cytoplasm	0.0	Deterministic
cyt_cong__IGF__pY980_pS982_pY1161_pY1165_pY1166_pY1280_pY1281_pY980_pS982_pY1161_pY1165_pY1166_pY1280_pY1281_IGF1R__pY980_pS982_pY1161_pY1165_pY1166_pY1280_pY1281_pY980_pS982_pY1161_pY1165_pY1166_pY1280_pY1281_IGF1R__IGF__IRS__P3C2A_	Cytoplasm	0.0	Deterministic
cyt_cong__INS_1__pY992_pY999_pY1011_pY1185_pY1189_pY1190_pY1314_pY1348_pY1355_pY992_pY999_pY1011_pY1185_pY1189_pY1190_pY1314_pY1348_pY1355_INSR_1__pY992_pY999_pY1011_pY1185_pY1189_pY1190_pY1314_pY1348_pY1355_pY992_pY999_pY1011_pY1185_pY1189_pY1190_pY1314_pY1348_pY1355_INSR_1__INS_1__IRS__P3C2A_	Cytoplasm	0.0	Deterministic
cyt_cong_in__EGF_1__pY992_pY1068_pY1086_pY1148_pY1174_EGFR_1__pY1196_pY1222_pY1248_ERBB2_1__GRB2__SOS1_1__RAS__GDP_	Cytoplasm	0.0	Deterministic
cyt_cong_in__EGF_1__pY992_pY1068_pY1086_pY1148_pY1174_pY992_pY1068_pY1086_pY1148_pY1174_EGFR_1__pY992_pY1068_pY1086_pY1148_pY1174_pY992_pY1068_pY1086_pY1148_pY1174_EGFR_1__GRB2__SOS1_1__RAS__GDP_	Cytoplasm	0.0	Deterministic
cyt_cong_in__EGF_1__pY992_pY1068_pY1086_pY1148_pY1174_pY992_pY1068_pY1086_pY1148_pY1174_EGFR_1__EGF_1__pY992_pY1068_pY1086_pY1148_pY1174_pY992_pY1068_pY1086_pY1148_pY1174_EGFR_1__GRB2__SOS1_1__RAS__GDP_	Cytoplasm	0.0	Deterministic
cyt_cong_in__EGF_1__pY992_pY1068_pY1086_pY1148_pY1174_EGFR_1__ERBB3_1__GRB2__SOS1_1__RAS__GDP_	Cytoplasm	0.0	Deterministic
cyt_cong_in__EGF_1__pY992_pY1068_pY1086_pY1148_pY1174_EGFR_1__NRG1_1__ERBB3_1__GRB2__SOS1_1__RAS__GDP_	Cytoplasm	0.0	Deterministic
cyt_cong_in__EGF_1__pY992_pY1068_pY1086_pY1148_pY1174_EGFR_1__pY1056_pY1162_pY1284_ERBB4_1__GRB2__SOS1_1__RAS__GDP_	Cytoplasm	0.0	Deterministic
cyt_cong_in__EGF_1__pY992_pY1068_pY1086_pY1148_pY1174_EGFR_1__NRG1_1__pY1056_pY1162_pY1284_ERBB4_1__GRB2__SOS1_1__RAS__GDP_	Cytoplasm	0.0	Deterministic
cyt_cong_in__pY1196_pY1222_pY1248_ERBB2_1__NRG1_1__ERBB3_1__GRB2__SOS1_1__RAS__GDP_	Cytoplasm	0.0	Deterministic
cyt_cong_in__pY992_pY1068_pY1086_pY1148_pY1174_EGFR_1__NRG1_1__ERBB3_1__GRB2__SOS1_1__RAS__GDP_	Cytoplasm	0.0	Deterministic
cyt_cong_in__NRG1_1__ERBB3_1__pY1056_pY1162_pY1284_ERBB4_1__GRB2__SOS1_1__RAS__GDP_	Cytoplasm	0.0	Deterministic
cyt_cong_in__NRG1_1__ERBB3_1__NRG1_1__pY1056_pY1162_pY1284_ERBB4_1__GRB2__SOS1_1__RAS__GDP_	Cytoplasm	0.0	Deterministic
cyt_cong_in__pY1196_pY1222_pY1248_ERBB2_1__NRG1_1__pY1056_pY1162_pY1284_ERBB4_1__GRB2__SOS1_1__RAS__GDP_	Cytoplasm	0.0	Deterministic
cyt_cong_in__pY992_pY1068_pY1086_pY1148_pY1174_EGFR_1__NRG1_1__pY1056_pY1162_pY1284_ERBB4_1__GRB2__SOS1_1__RAS__GDP_	Cytoplasm	0.0	Deterministic
cyt_mixed_in__ERBB3_1__NRG1_1__pY1056_pY1162_pY1284_ERBB4_1__GRB2__SOS1_1__RAS__GDP_	Cytoplasm	0.0	Deterministic
cyt_mixed_in__NRG1_1__pY1056_pY1162_pY1284_pY1056_pY1162_pY1284_ERBB4_1__pY1056_pY1162_pY1284_pY1056_pY1162_pY1284_ERBB4_1__GRB2__SOS1_1__RAS__GDP_	Cytoplasm	0.0	Deterministic
cyt_mixed_in__NRG1_1__pY1056_pY1162_pY1284_pY1056_pY1162_pY1284_ERBB4_1__NRG1_1__pY1056_pY1162_pY1284_pY1056_pY1162_pY1284_ERBB4_1__GRB2__SOS1_1__RAS__GDP_	Cytoplasm	0.0	Deterministic
cyt_mixed_in__HGF_1__pY1234_pY1235_pY1234_pY1235_MET_1__pY1234_pY1235_pY1234_pY1235_MET_1__GRB2__SOS1_1__RAS__GDP_	Cytoplasm	0.0	Deterministic
cyt_mixed_in__HGF_1__pY1234_pY1235_pY1234_pY1235_MET_1__HGF_1__pY1234_pY1235_pY1234_pY1235_MET_1__GRB2__SOS1_1__RAS__GDP_	Cytoplasm	0.0	Deterministic
cyt_cong_in__PDGFB_1__PGFRB__PDGFB_1__PGFRB__GRB2__SOS1_1__RAS__GDP_	Cytoplasm	0.0	Deterministic
cyt_cong_in__PDGFB_1__PGFRB__PGFRB__GRB2__SOS1_1__RAS__GDP_	Cytoplasm	0.0	Deterministic
cyt_mixed_in__FGF__FGFR__FGF__FGFR__GRB2__SOS1_1__RAS__GDP_	Cytoplasm	0.0	Deterministic
cyt_mixed_in__FGF__FGFR__FGFR__GRB2__SOS1_1__RAS__GDP_	Cytoplasm	0.0	Deterministic
cyt_cong_in__IGF__pY980_pS982_pY1161_pY1165_pY1166_pY1280_pY1281_pY980_pS982_pY1161_pY1165_pY1166_pY1280_pY1281_IGF1R__pY980_pS982_pY1161_pY1165_pY1166_pY1280_pY1281_pY980_pS982_pY1161_pY1165_pY1166_pY1280_pY1281_IGF1R__IRS__GRB2__SOS1_1__RAS__GDP_	Cytoplasm	0.0	Deterministic
cyt_cong_in__INS_1__pY992_pY999_pY1011_pY1185_pY1189_pY1190_pY1314_pY1348_pY1355_pY992_pY999_pY1011_pY1185_pY1189_pY1190_pY1314_pY1348_pY1355_INSR_1__pY992_pY999_pY1011_pY1185_pY1189_pY1190_pY1314_pY1348_pY1355_pY992_pY999_pY1011_pY1185_pY1189_pY1190_pY1314_pY1348_pY1355_INSR_1__IRS__GRB2__SOS1_1__RAS__GDP_	Cytoplasm	0.0	Deterministic
cyt_cong_in__IGF__pY980_pS982_pY1161_pY1165_pY1166_pY1280_pY1281_pY980_pS982_pY1161_pY1165_pY1166_pY1280_pY1281_IGF1R__pY980_pS982_pY1161_pY1165_pY1166_pY1280_pY1281_pY980_pS982_pY1161_pY1165_pY1166_pY1280_pY1281_IGF1R__IGF__IRS__GRB2__SOS1_1__RAS__GDP_	Cytoplasm	0.0	Deterministic
cyt_cong_in__INS_1__pY992_pY999_pY1011_pY1185_pY1189_pY1190_pY1314_pY1348_pY1355_pY992_pY999_pY1011_pY1185_pY1189_pY1190_pY1314_pY1348_pY1355_INSR_1__pY992_pY999_pY1011_pY1185_pY1189_pY1190_pY1314_pY1348_pY1355_pY992_pY999_pY1011_pY1185_pY1189_pY1190_pY1314_pY1348_pY1355_INSR_1__INS_1__IRS__GRB2__SOS1_1__RAS__GDP_	Cytoplasm	0.0	Deterministic
cyt_mixed__EGF_1__pY992_pY1068_pY1086_pY1148_pY1174_EGFR_1__pY1196_pY1222_pY1248_ERBB2_1__GRB2__SOS1_1__RAS__GDP_	Cytoplasm	0.0	Deterministic
cyt_mixed__EGF_1__pY992_pY1068_pY1086_pY1148_pY1174_pY992_pY1068_pY1086_pY1148_pY1174_EGFR_1__pY992_pY1068_pY1086_pY1148_pY1174_pY992_pY1068_pY1086_pY1148_pY1174_EGFR_1__GRB2__SOS1_1__RAS__GDP_	Cytoplasm	0.0	Deterministic
cyt_mixed__EGF_1__pY992_pY1068_pY1086_pY1148_pY1174_pY992_pY1068_pY1086_pY1148_pY1174_EGFR_1__EGF_1__pY992_pY1068_pY1086_pY1148_pY1174_pY992_pY1068_pY1086_pY1148_pY1174_EGFR_1__GRB2__SOS1_1__RAS__GDP_	Cytoplasm	0.0	Deterministic
cyt_mixed__EGF_1__pY992_pY1068_pY1086_pY1148_pY1174_EGFR_1__ERBB3_1__GRB2__SOS1_1__RAS__GDP_	Cytoplasm	0.0	Deterministic
cyt_mixed__EGF_1__pY992_pY1068_pY1086_pY1148_pY1174_EGFR_1__NRG1_1__ERBB3_1__GRB2__SOS1_1__RAS__GDP_	Cytoplasm	0.0	Deterministic
cyt_mixed__EGF_1__pY992_pY1068_pY1086_pY1148_pY1174_EGFR_1__pY1056_pY1162_pY1284_ERBB4_1__GRB2__SOS1_1__RAS__GDP_	Cytoplasm	0.0	Deterministic
cyt_mixed__EGF_1__pY992_pY1068_pY1086_pY1148_pY1174_EGFR_1__NRG1_1__pY1056_pY1162_pY1284_ERBB4_1__GRB2__SOS1_1__RAS__GDP_	Cytoplasm	0.0	Deterministic
cyt_mixed__pY1196_pY1222_pY1248_ERBB2_1__NRG1_1__ERBB3_1__GRB2__SOS1_1__RAS__GDP_	Cytoplasm	0.0	Deterministic
cyt_mixed__pY992_pY1068_pY1086_pY1148_pY1174_EGFR_1__NRG1_1__ERBB3_1__GRB2__SOS1_1__RAS__GDP_	Cytoplasm	0.0	Deterministic
cyt_mixed__NRG1_1__ERBB3_1__pY1056_pY1162_pY1284_ERBB4_1__GRB2__SOS1_1__RAS__GDP_	Cytoplasm	0.0	Deterministic
cyt_mixed__NRG1_1__ERBB3_1__NRG1_1__pY1056_pY1162_pY1284_ERBB4_1__GRB2__SOS1_1__RAS__GDP_	Cytoplasm	0.0	Deterministic
cyt_mixed__pY1196_pY1222_pY1248_ERBB2_1__NRG1_1__pY1056_pY1162_pY1284_ERBB4_1__GRB2__SOS1_1__RAS__GDP_	Cytoplasm	0.0	Deterministic
cyt_mixed__pY992_pY1068_pY1086_pY1148_pY1174_EGFR_1__NRG1_1__pY1056_pY1162_pY1284_ERBB4_1__GRB2__SOS1_1__RAS__GDP_	Cytoplasm	0.0	Deterministic
cyt_mixed__ERBB3_1__NRG1_1__pY1056_pY1162_pY1284_ERBB4_1__GRB2__SOS1_1__RAS__GDP_	Cytoplasm	0.0	Deterministic
cyt_mixed__NRG1_1__pY1056_pY1162_pY1284_pY1056_pY1162_pY1284_ERBB4_1__pY1056_pY1162_pY1284_pY1056_pY1162_pY1284_ERBB4_1__GRB2__SOS1_1__RAS__GDP_	Cytoplasm	0.0	Deterministic
cyt_mixed__NRG1_1__pY1056_pY1162_pY1284_pY1056_pY1162_pY1284_ERBB4_1__NRG1_1__pY1056_pY1162_pY1284_pY1056_pY1162_pY1284_ERBB4_1__GRB2__SOS1_1__RAS__GDP_	Cytoplasm	0.0	Deterministic
cyt_mixed__HGF_1__pY1234_pY1235_pY1234_pY1235_MET_1__pY1234_pY1235_pY1234_pY1235_MET_1__GRB2__SOS1_1__RAS__GDP_	Cytoplasm	0.0	Deterministic
cyt_mixed__HGF_1__pY1234_pY1235_pY1234_pY1235_MET_1__HGF_1__pY1234_pY1235_pY1234_pY1235_MET_1__GRB2__SOS1_1__RAS__GDP_	Cytoplasm	0.0	Deterministic
cyt_cong__PDGFB_1__PGFRB__PDGFB_1__PGFRB__GRB2__SOS1_1__RAS__GDP_	Cytoplasm	0.0	Deterministic
cyt_cong__PDGFB_1__PGFRB__PGFRB__GRB2__SOS1_1__RAS__GDP_	Cytoplasm	0.0	Deterministic
cyt_mixed__FGF__FGFR__FGF__FGFR__GRB2__SOS1_1__RAS__GDP_	Cytoplasm	0.0	Deterministic
cyt_mixed__FGF__FGFR__FGFR__GRB2__SOS1_1__RAS__GDP_	Cytoplasm	0.0	Deterministic
cyt_cong__IGF__pY980_pS982_pY1161_pY1165_pY1166_pY1280_pY1281_pY980_pS982_pY1161_pY1165_pY1166_pY1280_pY1281_IGF1R__pY980_pS982_pY1161_pY1165_pY1166_pY1280_pY1281_pY980_pS982_pY1161_pY1165_pY1166_pY1280_pY1281_IGF1R__IRS__GRB2__SOS1_1__RAS__GDP_	Cytoplasm	0.0	Deterministic
cyt_cong__INS_1__pY992_pY999_pY1011_pY1185_pY1189_pY1190_pY1314_pY1348_pY1355_pY992_pY999_pY1011_pY1185_pY1189_pY1190_pY1314_pY1348_pY1355_INSR_1__pY992_pY999_pY1011_pY1185_pY1189_pY1190_pY1314_pY1348_pY1355_pY992_pY999_pY1011_pY1185_pY1189_pY1190_pY1314_pY1348_pY1355_INSR_1__IRS__GRB2__SOS1_1__RAS__GDP_	Cytoplasm	0.0	Deterministic
cyt_cong__IGF__pY980_pS982_pY1161_pY1165_pY1166_pY1280_pY1281_pY980_pS982_pY1161_pY1165_pY1166_pY1280_pY1281_IGF1R__pY980_pS982_pY1161_pY1165_pY1166_pY1280_pY1281_pY980_pS982_pY1161_pY1165_pY1166_pY1280_pY1281_IGF1R__IGF__IRS__GRB2__SOS1_1__RAS__GDP_	Cytoplasm	0.0	Deterministic
cyt_cong__INS_1__pY992_pY999_pY1011_pY1185_pY1189_pY1190_pY1314_pY1348_pY1355_pY992_pY999_pY1011_pY1185_pY1189_pY1190_pY1314_pY1348_pY1355_INSR_1__pY992_pY999_pY1011_pY1185_pY1189_pY1190_pY1314_pY1348_pY1355_pY992_pY999_pY1011_pY1185_pY1189_pY1190_pY1314_pY1348_pY1355_INSR_1__INS_1__IRS__GRB2__SOS1_1__RAS__GDP_	Cytoplasm	0.0	Deterministic
cyt_mixed__EGF_1__pY992_pY1068_pY1086_pY1148_pY1174_EGFR_1__pY1196_pY1222_pY1248_ERBB2_1__PLCG__PIP2_	Cytoplasm	0.0	Deterministic
cyt_mixed__EGF_1__pY992_pY1068_pY1086_pY1148_pY1174_pY992_pY1068_pY1086_pY1148_pY1174_EGFR_1__pY992_pY1068_pY1086_pY1148_pY1174_pY992_pY1068_pY1086_pY1148_pY1174_EGFR_1__PLCG__PIP2_	Cytoplasm	0.0	Deterministic
cyt_mixed__EGF_1__pY992_pY1068_pY1086_pY1148_pY1174_pY992_pY1068_pY1086_pY1148_pY1174_EGFR_1__EGF_1__pY992_pY1068_pY1086_pY1148_pY1174_pY992_pY1068_pY1086_pY1148_pY1174_EGFR_1__PLCG__PIP2_	Cytoplasm	0.0	Deterministic
cyt_mixed__EGF_1__pY992_pY1068_pY1086_pY1148_pY1174_EGFR_1__ERBB3_1__PLCG__PIP2_	Cytoplasm	0.0	Deterministic
cyt_mixed__EGF_1__pY992_pY1068_pY1086_pY1148_pY1174_EGFR_1__NRG1_1__ERBB3_1__PLCG__PIP2_	Cytoplasm	0.0	Deterministic
cyt_mixed__EGF_1__pY992_pY1068_pY1086_pY1148_pY1174_EGFR_1__pY1056_pY1162_pY1284_ERBB4_1__PLCG__PIP2_	Cytoplasm	0.0	Deterministic
cyt_mixed__EGF_1__pY992_pY1068_pY1086_pY1148_pY1174_EGFR_1__NRG1_1__pY1056_pY1162_pY1284_ERBB4_1__PLCG__PIP2_	Cytoplasm	0.0	Deterministic
cyt_mixed__pY1196_pY1222_pY1248_ERBB2_1__NRG1_1__ERBB3_1__PLCG__PIP2_	Cytoplasm	0.0	Deterministic
cyt_mixed__pY992_pY1068_pY1086_pY1148_pY1174_EGFR_1__NRG1_1__ERBB3_1__PLCG__PIP2_	Cytoplasm	0.0	Deterministic
cyt_mixed__NRG1_1__ERBB3_1__pY1056_pY1162_pY1284_ERBB4_1__PLCG__PIP2_	Cytoplasm	0.0	Deterministic
cyt_mixed__NRG1_1__ERBB3_1__NRG1_1__pY1056_pY1162_pY1284_ERBB4_1__PLCG__PIP2_	Cytoplasm	0.0	Deterministic
cyt_mixed__pY1196_pY1222_pY1248_ERBB2_1__NRG1_1__pY1056_pY1162_pY1284_ERBB4_1__PLCG__PIP2_	Cytoplasm	0.0	Deterministic
cyt_mixed__pY992_pY1068_pY1086_pY1148_pY1174_EGFR_1__NRG1_1__pY1056_pY1162_pY1284_ERBB4_1__PLCG__PIP2_	Cytoplasm	0.0	Deterministic
cyt_mixed__ERBB3_1__NRG1_1__pY1056_pY1162_pY1284_ERBB4_1__PLCG__PIP2_	Cytoplasm	0.0	Deterministic
cyt_mixed__NRG1_1__pY1056_pY1162_pY1284_pY1056_pY1162_pY1284_ERBB4_1__pY1056_pY1162_pY1284_pY1056_pY1162_pY1284_ERBB4_1__PLCG__PIP2_	Cytoplasm	0.0	Deterministic
cyt_mixed__NRG1_1__pY1056_pY1162_pY1284_pY1056_pY1162_pY1284_ERBB4_1__NRG1_1__pY1056_pY1162_pY1284_pY1056_pY1162_pY1284_ERBB4_1__PLCG__PIP2_	Cytoplasm	0.0	Deterministic
cyt_mixed__HGF_1__pY1234_pY1235_pY1234_pY1235_MET_1__pY1234_pY1235_pY1234_pY1235_MET_1__PLCG__PIP2_	Cytoplasm	0.0	Deterministic
cyt_mixed__HGF_1__pY1234_pY1235_pY1234_pY1235_MET_1__HGF_1__pY1234_pY1235_pY1234_pY1235_MET_1__PLCG__PIP2_	Cytoplasm	0.0	Deterministic
cyt_cong__PDGFB_1__PGFRB__PDGFB_1__PGFRB__PLCG__PIP2_	Cytoplasm	0.0	Deterministic
cyt_cong__PDGFB_1__PGFRB__PGFRB__PLCG__PIP2_	Cytoplasm	0.0	Deterministic
cyt_mixed__FGF__FGFR__FGF__FGFR__PLCG__PIP2_	Cytoplasm	0.0	Deterministic
cyt_mixed__FGF__FGFR__FGFR__PLCG__PIP2_	Cytoplasm	0.0	Deterministic
cyt_mixed__IGF__pY980_pS982_pY1161_pY1165_pY1166_pY1280_pY1281_pY980_pS982_pY1161_pY1165_pY1166_pY1280_pY1281_IGF1R__pY980_pS982_pY1161_pY1165_pY1166_pY1280_pY1281_pY980_pS982_pY1161_pY1165_pY1166_pY1280_pY1281_IGF1R__IRS__PLCG__PIP2_	Cytoplasm	0.0	Deterministic
cyt_mixed__INS_1__pY992_pY999_pY1011_pY1185_pY1189_pY1190_pY1314_pY1348_pY1355_pY992_pY999_pY1011_pY1185_pY1189_pY1190_pY1314_pY1348_pY1355_INSR_1__pY992_pY999_pY1011_pY1185_pY1189_pY1190_pY1314_pY1348_pY1355_pY992_pY999_pY1011_pY1185_pY1189_pY1190_pY1314_pY1348_pY1355_INSR_1__IRS__PLCG__PIP2_	Cytoplasm	0.0	Deterministic
cyt_mixed__IGF__pY980_pS982_pY1161_pY1165_pY1166_pY1280_pY1281_pY980_pS982_pY1161_pY1165_pY1166_pY1280_pY1281_IGF1R__pY980_pS982_pY1161_pY1165_pY1166_pY1280_pY1281_pY980_pS982_pY1161_pY1165_pY1166_pY1280_pY1281_IGF1R__IGF__IRS__PLCG__PIP2_	Cytoplasm	0.0	Deterministic
cyt_mixed__INS_1__pY992_pY999_pY1011_pY1185_pY1189_pY1190_pY1314_pY1348_pY1355_pY992_pY999_pY1011_pY1185_pY1189_pY1190_pY1314_pY1348_pY1355_INSR_1__pY992_pY999_pY1011_pY1185_pY1189_pY1190_pY1314_pY1348_pY1355_pY992_pY999_pY1011_pY1185_pY1189_pY1190_pY1314_pY1348_pY1355_INSR_1__INS_1__IRS__PLCG__PIP2_	Cytoplasm	0.0	Deterministic
cyt_mixed__EGF_1__pY992_pY1068_pY1086_pY1148_pY1174_EGFR_1__pY1196_pY1222_pY1248_ERBB2_1__PIK3C__PIK3R__PIP2_	Cytoplasm	0.0	Deterministic
cyt_mixed__EGF_1__pY992_pY1068_pY1086_pY1148_pY1174_pY992_pY1068_pY1086_pY1148_pY1174_EGFR_1__pY992_pY1068_pY1086_pY1148_pY1174_pY992_pY1068_pY1086_pY1148_pY1174_EGFR_1__PIK3C__PIK3R__PIP2_	Cytoplasm	0.0	Deterministic
cyt_mixed__EGF_1__pY992_pY1068_pY1086_pY1148_pY1174_pY992_pY1068_pY1086_pY1148_pY1174_EGFR_1__EGF_1__pY992_pY1068_pY1086_pY1148_pY1174_pY992_pY1068_pY1086_pY1148_pY1174_EGFR_1__PIK3C__PIK3R__PIP2_	Cytoplasm	0.0	Deterministic
cyt_mixed__EGF_1__pY992_pY1068_pY1086_pY1148_pY1174_EGFR_1__ERBB3_1__PIK3C__PIK3R__PIP2_	Cytoplasm	0.0	Deterministic
cyt_mixed__EGF_1__pY992_pY1068_pY1086_pY1148_pY1174_EGFR_1__NRG1_1__ERBB3_1__PIK3C__PIK3R__PIP2_	Cytoplasm	0.0	Deterministic
cyt_mixed__EGF_1__pY992_pY1068_pY1086_pY1148_pY1174_EGFR_1__pY1056_pY1162_pY1284_ERBB4_1__PIK3C__PIK3R__PIP2_	Cytoplasm	0.0	Deterministic
cyt_mixed__EGF_1__pY992_pY1068_pY1086_pY1148_pY1174_EGFR_1__NRG1_1__pY1056_pY1162_pY1284_ERBB4_1__PIK3C__PIK3R__PIP2_	Cytoplasm	0.0	Deterministic
cyt_mixed__pY1196_pY1222_pY1248_ERBB2_1__NRG1_1__ERBB3_1__PIK3C__PIK3R__PIP2_	Cytoplasm	0.0	Deterministic
cyt_mixed__pY992_pY1068_pY1086_pY1148_pY1174_EGFR_1__NRG1_1__ERBB3_1__PIK3C__PIK3R__PIP2_	Cytoplasm	0.0	Deterministic
cyt_mixed__NRG1_1__ERBB3_1__pY1056_pY1162_pY1284_ERBB4_1__PIK3C__PIK3R__PIP2_	Cytoplasm	0.0	Deterministic
cyt_mixed__NRG1_1__ERBB3_1__NRG1_1__pY1056_pY1162_pY1284_ERBB4_1__PIK3C__PIK3R__PIP2_	Cytoplasm	0.0	Deterministic
cyt_mixed__pY1196_pY1222_pY1248_ERBB2_1__NRG1_1__pY1056_pY1162_pY1284_ERBB4_1__PIK3C__PIK3R__PIP2_	Cytoplasm	0.0	Deterministic
cyt_mixed__pY992_pY1068_pY1086_pY1148_pY1174_EGFR_1__NRG1_1__pY1056_pY1162_pY1284_ERBB4_1__PIK3C__PIK3R__PIP2_	Cytoplasm	0.0	Deterministic
cyt_mixed__ERBB3_1__NRG1_1__pY1056_pY1162_pY1284_ERBB4_1__PIK3C__PIK3R__PIP2_	Cytoplasm	0.0	Deterministic
cyt_mixed__NRG1_1__pY1056_pY1162_pY1284_pY1056_pY1162_pY1284_ERBB4_1__pY1056_pY1162_pY1284_pY1056_pY1162_pY1284_ERBB4_1__PIK3C__PIK3R__PIP2_	Cytoplasm	0.0	Deterministic
cyt_mixed__NRG1_1__pY1056_pY1162_pY1284_pY1056_pY1162_pY1284_ERBB4_1__NRG1_1__pY1056_pY1162_pY1284_pY1056_pY1162_pY1284_ERBB4_1__PIK3C__PIK3R__PIP2_	Cytoplasm	0.0	Deterministic
cyt_mixed__HGF_1__pY1234_pY1235_pY1234_pY1235_MET_1__pY1234_pY1235_pY1234_pY1235_MET_1__PIK3C__PIK3R__PIP2_	Cytoplasm	0.0	Deterministic
cyt_mixed__HGF_1__pY1234_pY1235_pY1234_pY1235_MET_1__HGF_1__pY1234_pY1235_pY1234_pY1235_MET_1__PIK3C__PIK3R__PIP2_	Cytoplasm	0.0	Deterministic
cyt_cong__PDGFB_1__PGFRB__PDGFB_1__PGFRB__PIK3C__PIK3R__PIP2_	Cytoplasm	0.0	Deterministic
cyt_cong__PDGFB_1__PGFRB__PGFRB__PIK3C__PIK3R__PIP2_	Cytoplasm	0.0	Deterministic
cyt_mixed__FGF__FGFR__FGF__FGFR__PIK3C__PIK3R__PIP2_	Cytoplasm	0.0	Deterministic
cyt_mixed__FGF__FGFR__FGFR__PIK3C__PIK3R__PIP2_	Cytoplasm	0.0	Deterministic
cyt_cong__IGF__pY980_pS982_pY1161_pY1165_pY1166_pY1280_pY1281_pY980_pS982_pY1161_pY1165_pY1166_pY1280_pY1281_IGF1R__pY980_pS982_pY1161_pY1165_pY1166_pY1280_pY1281_pY980_pS982_pY1161_pY1165_pY1166_pY1280_pY1281_IGF1R__IRS__PIK3C__PIK3R__PIP2_	Cytoplasm	0.0	Deterministic
cyt_cong__INS_1__pY992_pY999_pY1011_pY1185_pY1189_pY1190_pY1314_pY1348_pY1355_pY992_pY999_pY1011_pY1185_pY1189_pY1190_pY1314_pY1348_pY1355_INSR_1__pY992_pY999_pY1011_pY1185_pY1189_pY1190_pY1314_pY1348_pY1355_pY992_pY999_pY1011_pY1185_pY1189_pY1190_pY1314_pY1348_pY1355_INSR_1__IRS__PIK3C__PIK3R__PIP2_	Cytoplasm	0.0	Deterministic
cyt_cong__IGF__pY980_pS982_pY1161_pY1165_pY1166_pY1280_pY1281_pY980_pS982_pY1161_pY1165_pY1166_pY1280_pY1281_IGF1R__pY980_pS982_pY1161_pY1165_pY1166_pY1280_pY1281_pY980_pS982_pY1161_pY1165_pY1166_pY1280_pY1281_IGF1R__IGF__IRS__PIK3C__PIK3R__PIP2_	Cytoplasm	0.0	Deterministic
cyt_cong__INS_1__pY992_pY999_pY1011_pY1185_pY1189_pY1190_pY1314_pY1348_pY1355_pY992_pY999_pY1011_pY1185_pY1189_pY1190_pY1314_pY1348_pY1355_INSR_1__pY992_pY999_pY1011_pY1185_pY1189_pY1190_pY1314_pY1348_pY1355_pY992_pY999_pY1011_pY1185_pY1189_pY1190_pY1314_pY1348_pY1355_INSR_1__INS_1__IRS__PIK3C__PIK3R__PIP2_	Cytoplasm	0.0	Deterministic
cyt_mixed__EGF_1__pY992_pY1068_pY1086_pY1148_pY1174_EGFR_1__pY1196_pY1222_pY1248_ERBB2_1__P3C2A__PIP_	Cytoplasm	0.0	Deterministic
cyt_mixed__EGF_1__pY992_pY1068_pY1086_pY1148_pY1174_pY992_pY1068_pY1086_pY1148_pY1174_EGFR_1__pY992_pY1068_pY1086_pY1148_pY1174_pY992_pY1068_pY1086_pY1148_pY1174_EGFR_1__P3C2A__PIP_	Cytoplasm	0.0	Deterministic
cyt_mixed__EGF_1__pY992_pY1068_pY1086_pY1148_pY1174_pY992_pY1068_pY1086_pY1148_pY1174_EGFR_1__EGF_1__pY992_pY1068_pY1086_pY1148_pY1174_pY992_pY1068_pY1086_pY1148_pY1174_EGFR_1__P3C2A__PIP_	Cytoplasm	0.0	Deterministic
cyt_mixed__EGF_1__pY992_pY1068_pY1086_pY1148_pY1174_EGFR_1__ERBB3_1__P3C2A__PIP_	Cytoplasm	0.0	Deterministic
cyt_mixed__EGF_1__pY992_pY1068_pY1086_pY1148_pY1174_EGFR_1__NRG1_1__ERBB3_1__P3C2A__PIP_	Cytoplasm	0.0	Deterministic
cyt_mixed__EGF_1__pY992_pY1068_pY1086_pY1148_pY1174_EGFR_1__pY1056_pY1162_pY1284_ERBB4_1__P3C2A__PIP_	Cytoplasm	0.0	Deterministic
cyt_mixed__EGF_1__pY992_pY1068_pY1086_pY1148_pY1174_EGFR_1__NRG1_1__pY1056_pY1162_pY1284_ERBB4_1__P3C2A__PIP_	Cytoplasm	0.0	Deterministic
cyt_mixed__pY1196_pY1222_pY1248_ERBB2_1__NRG1_1__ERBB3_1__P3C2A__PIP_	Cytoplasm	0.0	Deterministic
cyt_mixed__pY992_pY1068_pY1086_pY1148_pY1174_EGFR_1__NRG1_1__ERBB3_1__P3C2A__PIP_	Cytoplasm	0.0	Deterministic
cyt_mixed__NRG1_1__ERBB3_1__pY1056_pY1162_pY1284_ERBB4_1__P3C2A__PIP_	Cytoplasm	0.0	Deterministic
cyt_mixed__NRG1_1__ERBB3_1__NRG1_1__pY1056_pY1162_pY1284_ERBB4_1__P3C2A__PIP_	Cytoplasm	0.0	Deterministic
cyt_mixed__pY1196_pY1222_pY1248_ERBB2_1__NRG1_1__pY1056_pY1162_pY1284_ERBB4_1__P3C2A__PIP_	Cytoplasm	0.0	Deterministic
cyt_mixed__pY992_pY1068_pY1086_pY1148_pY1174_EGFR_1__NRG1_1__pY1056_pY1162_pY1284_ERBB4_1__P3C2A__PIP_	Cytoplasm	0.0	Deterministic
cyt_mixed__ERBB3_1__NRG1_1__pY1056_pY1162_pY1284_ERBB4_1__P3C2A__PIP_	Cytoplasm	0.0	Deterministic
cyt_mixed__NRG1_1__pY1056_pY1162_pY1284_pY1056_pY1162_pY1284_ERBB4_1__pY1056_pY1162_pY1284_pY1056_pY1162_pY1284_ERBB4_1__P3C2A__PIP_	Cytoplasm	0.0	Deterministic
cyt_mixed__NRG1_1__pY1056_pY1162_pY1284_pY1056_pY1162_pY1284_ERBB4_1__NRG1_1__pY1056_pY1162_pY1284_pY1056_pY1162_pY1284_ERBB4_1__P3C2A__PIP_	Cytoplasm	0.0	Deterministic
cyt_mixed__HGF_1__pY1234_pY1235_pY1234_pY1235_MET_1__pY1234_pY1235_pY1234_pY1235_MET_1__P3C2A__PIP_	Cytoplasm	0.0	Deterministic
cyt_mixed__HGF_1__pY1234_pY1235_pY1234_pY1235_MET_1__HGF_1__pY1234_pY1235_pY1234_pY1235_MET_1__P3C2A__PIP_	Cytoplasm	0.0	Deterministic
cyt_cong__PDGFB_1__PGFRB__PDGFB_1__PGFRB__P3C2A__PIP_	Cytoplasm	0.0	Deterministic
cyt_cong__PGFRB__PGFRB__PGFRB__P3C2A__PIP_	Cytoplasm	0.0	Deterministic
cyt_mixed__FGF__FGFR__FGF__FGFR__P3C2A__PIP_	Cytoplasm	0.0	Deterministic
cyt_mixed__FGF__FGFR__FGFR__P3C2A__PIP_	Cytoplasm	0.0	Deterministic
cyt_cong__IGF__pY980_pS982_pY1161_pY1165_pY1166_pY1280_pY1281_pY980_pS982_pY1161_pY1165_pY1166_pY1280_pY1281_IGF1R__pY980_pS982_pY1161_pY1165_pY1166_pY1280_pY1281_pY980_pS982_pY1161_pY1165_pY1166_pY1280_pY1281_IGF1R__IRS__P3C2A__PIP_	Cytoplasm	0.0	Deterministic
cyt_cong__INS_1__pY992_pY999_pY1011_pY1185_pY1189_pY1190_pY1314_pY1348_pY1355_pY992_pY999_pY1011_pY1185_pY1189_pY1190_pY1314_pY1348_pY1355_INSR_1__pY992_pY999_pY1011_pY1185_pY1189_pY1190_pY1314_pY1348_pY1355_pY992_pY999_pY1011_pY1185_pY1189_pY1190_pY1314_pY1348_pY1355_INSR_1__IRS__P3C2A__PIP_	Cytoplasm	0.0	Deterministic
cyt_cong__IGF__pY980_pS982_pY1161_pY1165_pY1166_pY1280_pY1281_pY980_pS982_pY1161_pY1165_pY1166_pY1280_pY1281_IGF1R__pY980_pS982_pY1161_pY1165_pY1166_pY1280_pY1281_pY980_pS982_pY1161_pY1165_pY1166_pY1280_pY1281_IGF1R__IGF__IRS__P3C2A__PIP_	Cytoplasm	0.0	Deterministic
cyt_cong__INS_1__pY992_pY999_pY1011_pY1185_pY1189_pY1190_pY1314_pY1348_pY1355_pY992_pY999_pY1011_pY1185_pY1189_pY1190_pY1314_pY1348_pY1355_INSR_1__pY992_pY999_pY1011_pY1185_pY1189_pY1190_pY1314_pY1348_pY1355_pY992_pY999_pY1011_pY1185_pY1189_pY1190_pY1314_pY1348_pY1355_INSR_1__INS_1__IRS__P3C2A__PIP_	Cytoplasm	0.0	Deterministic
cyt_cong__IRS_	Cytoplasm	0.9353007227467539	Deterministic
cyt_prot__SPY2_	Cytoplasm	0.01802913128054277	Deterministic
cyt_prot__CBL_	Cytoplasm	5.299299394284449	Deterministic
cyt_prot__GRB2_	Cytoplasm	60.844206164697695	Deterministic
cyt_prot__GRB2__SOS1_1_	Cytoplasm	0.2808748873179295	Deterministic
nuc_prot__GRB2__p_SOS1_1_	Cytoplasm	0.2773955812813335	Deterministic
cyt_cong__PLCG_	Cytoplasm	2.2137875409213836	Deterministic
cyt_cong__PIK3C_	Cytoplasm	0.023406240609827458	Deterministic
cyt_cong__PIK3R_	Cytoplasm	8.962059749173665	Deterministic
cyt_cong__PIK3C__PIK3R_	Cytoplasm	2.01040628805491	Deterministic
cyt_cong__p_PIK3C__PIK3R_	Cytoplasm	0.3384415871961538	Deterministic
cyt_prot__P3C2A_	Cytoplasm	1.7232053897613513	Deterministic
cyt_prot__MTORC1_	Cytoplasm	2.7426420584839715	Deterministic
cyt_prot_a__MTORC1_	Cytoplasm	0.18598472268349386	Deterministic
cyt_comp__PIP_	Cytoplasm	0.0	Deterministic
cyt_comp__PI_3_P_	Cytoplasm	0.0	Deterministic
cyt_comp__CDP_DAG_	Cytoplasm	0.0	Deterministic
cyt_prot__GRP_1_	Cytoplasm	9.676582688870965	Deterministic
cyt_mixed__CDP_DAG__GRP_1_	Cytoplasm	0.0	Deterministic
cyt_mixed__RAS__GTP_	Cytoplasm	2.799892457813414	Deterministic
cyt_mixed__RAS__GDP_	Cytoplasm	161.27753791652827	Deterministic
cyt_prot__NF1_1_	Cytoplasm	0.7812623554901867	Deterministic
cyt_prot__p_NF1_1_	Cytoplasm	0.0	Deterministic
nuc_prot___pS29_pS43_pS289_pS296_pS301_pS642_RAF1_1_	Cytoplasm	3.223418892631779	Deterministic
cyt_prot__RAF1_1_	Cytoplasm	3.263589062327023	Deterministic
cyt_mixed__RAS__GTP__RAF1_1_	Cytoplasm	0.9112618810393636	Deterministic
cyt_prot__BRAF_	Cytoplasm	0.416251522196391	Deterministic
cyt_mixed__RAS__GTP__RAF1_1__BRAF_	Cytoplasm	0.10564438329300502	Deterministic
cyt_prot__MAP2K_	Cytoplasm	124.76981227562429	Deterministic
cyt_prot__p_MAP2K_	Cytoplasm	16.33470924072053	Deterministic
cyt_prot__p_p_MAP2K_	Cytoplasm	21.3812844965286	Deterministic
cyt_prot__DUS6_1_	Cytoplasm	0.0018978032926887127	Deterministic
nuc_cong__MAPK_	Nucleus	0.39853869146462967	Deterministic
nuc_cong__p_p_MAPK_	Nucleus	7.174645348009678	Deterministic
cyt_prot__RPS6KA_	Cytoplasm	69.65096234441967	Deterministic
cyt_prot__p_RPS6KA_	Cytoplasm	0.6885862946972213	Deterministic
nuc_prot__p_RPS6KA_	Nucleus	1.74692793091996	Deterministic
nuc_prot__DUS1_	Nucleus	0.0018978032926887127	Deterministic
nuc_prot__p_DUS1_	Nucleus	0.015182426341509701	Deterministic
nuc_prot__FOS_1_	Nucleus	2.985244579399345	Deterministic
nuc_prot__p_FOS_1_	Nucleus	0.2410210181714665	Deterministic
nuc_prot__JUN_	Nucleus	2.870427480191678	Deterministic
nuc_prot__p_FOS_1__JUN_	Nucleus	0.06832091853679366	Deterministic
nuc_prot__MYC_2_	Nucleus	45.43910423684585	Deterministic
nuc_prot__CTNB1_	Nucleus	35.48607486833989	Deterministic
cyt_prot__CTNB1_	Cytoplasm	17.75648020749316	Deterministic
cyt_prot__pS33_pS37_T41_CTNB1_	Cytoplasm	179.7918742389018	Deterministic
cyt_comp__IP3_	Cytoplasm	0.0	Deterministic
cyt_comp__PIP2_	Cytoplasm	9998.269835998166	Deterministic
cyt_comp__PIP3_	Cytoplasm	1.6071230883585583	Deterministic
cyt_prot__PTEN_	Cytoplasm	2.315636317629011	Deterministic
cyt_mixed__PIP3__AKT_	Cytoplasm	0.7350824753680948	Deterministic
cyt_cong__AKT_	Cytoplasm	48.16245196185415	Deterministic
cyt_cong__p_AKT_	Cytoplasm	0.03890496750011861	Deterministic
cyt_cong__p_p_AKT_	Cytoplasm	0.38904967500118615	Deterministic
cyt_prot__PDPK1_1_	Cytoplasm	11.507013964669229	Deterministic
cyt_mixed__PIP3__PDK1_	Cytoplasm	0.18471952048836804	Deterministic
cyt_mixed__PIP3__p_AKT_	Cytoplasm	0.06357641030507188	Deterministic
cyt_prot_RICTR_1_	Cytoplasm	0.16700668975660674	Deterministic
cyt_prot__MTOR_	Cytoplasm	1.180117347503598	Deterministic
cyt_prot__MTORC2_	Cytoplasm	1.839287691164144	Deterministic
cyt_mixed__PIP3__p_p_AKT_	Cytoplasm	0.0037956065853774253	Deterministic
cyt_prot__GSK3B_1_	Cytoplasm	40.76481472695355	Deterministic
cyt_prot__pS9_GSK3B_1_	Cytoplasm	1.4416979013458588	Deterministic
cyt_prot__TSC1_1_	Cytoplasm	0.05630149768309848	Deterministic
cyt_prot__TSC2_1_	Cytoplasm	0.34856320475716024	Deterministic
cyt_prot__p_TSC2_1_	Cytoplasm	0.08666635036611789	Deterministic
cyt_prot__TSC1_1__TSC2_1_	Cytoplasm	0.19642264079328178	Deterministic
cyt_cong__KPC_	Cytoplasm	20.15277316506144	Deterministic
cyt_mixed__CDP_DAG__PRKC_	Cytoplasm	0.0	Deterministic
cyt_prot__pS153_PEBP1_	Cytoplasm	0.0	Deterministic
cyt_prot__PEBP1_	Cytoplasm	1039.04477234268	Deterministic
cyt_prot__PEBP1__RAF1_1_	Cytoplasm	0.0	Deterministic
cyt_cong__MAPK_	Cytoplasm	220.5968591355506	Deterministic
cyt_cong__p_MAPK_	Cytoplasm	22.38522243836093	Deterministic
cyt_cong__p_p_MAPK_	Cytoplasm	10.87567806930145	Deterministic
cyt_prot__FOXO3_1_	Cytoplasm	0.3011181224399424	Deterministic
cyt_prot__pT32_pS253_FOXO3_1_	Cytoplasm	0.5114579873796081	Deterministic
cyt_mixed__RHEB__GDP_	Cytoplasm	105.30720690800398	Deterministic
cyt_mixed__RHEB__GTP_	Cytoplasm	0.0	Deterministic
cyt_prot__RPTOR_1_	Cytoplasm	0.2954247125618763	Deterministic
cyt_prot__KS6B1_1_	Cytoplasm	18.415334250604925	Deterministic
cyt_prot__pT412_KS6B1_1_	Cytoplasm	1.038098401100726	Deterministic
cyt_prot__4EBP1_	Cytoplasm	0.6518954310385728	Deterministic
cyt_prot__pT37_pT46_4EBP1_	Cytoplasm	1.0994607075643277	Deterministic
cyt_prot__SOS1_1_	Cytoplasm	0.00031630054878145213	Deterministic
cyt_cong__GRB2__SOS1_1__p_p_MAPK_	Cytoplasm	0.002530404390251617	Deterministic
cyt_cong__RAF1_1__p_p_MAPK_	Cytoplasm	0.03226265597570812	Deterministic
cyt_mixed__RAS__GDP__CDP_DAG__GRP_1_	Cytoplasm	0.0	Deterministic
cyt_mixed__RAS__GTP__NF1_1_	Cytoplasm	0.0034793060365959734	Deterministic
cyt_cong__NF1_1__p_p_MAPK_	Cytoplasm	0.0	Deterministic
cyt_mixed__MAP2K__RAS__GTP__RAF1_1__BRAF_	Cytoplasm	0.21982888140310922	Deterministic
cyt_mixed__p_MAP2K__RAS__GTP__RAF1_1__BRAF_	Cytoplasm	0.028783349939112145	Deterministic
cyt_cong__MAPK__p_p_MAP2K_	Cytoplasm	2.358336891714507	Deterministic
cyt_cong__p_MAPK__p_p_MAP2K_	Cytoplasm	0.2391232148787778	Deterministic
cyt_cong__RPS6KA__p_p_MAPK_	Cytoplasm	0.6885862946972213	Deterministic
nuc_prot__p_RPS6KA__DUS1_	Nucleus	0.0	Deterministic
nuc_cong__p_p_MAPK__DUS1_	Nucleus	0.0	Deterministic
nuc_prot__FOS_1__p_RPS6KA_	Nucleus	0.0037956065853774253	Deterministic
nuc_cong__FOS_1__p_p_MAPK_	Nucleus	0.01897803292688713	Deterministic
cyt_cong__PEBP1__CDP_DAG__KPC_	Cytoplasm	0.0	Deterministic
cyt_mixed__PIP3__PTEN_	Cytoplasm	0.0031630054878145214	Deterministic
cyt_mixed__PIP3__AKT__PIP3__PDK1_	Cytoplasm	0.00031630054878145213	Deterministic
cyt_mixed__PIP3__p_AKT__MTORC2_	Cytoplasm	0.00031630054878145213	Deterministic
cyt_cong__GSK3B_1__p_p_AKT_	Cytoplasm	0.014233524695165346	Deterministic
cyt_cong__TSC2_1__p_p_AKT_	Cytoplasm	0.0006326010975629043	Deterministic
cyt_cong__TSC2_1__p_p_MAPK_	Cytoplasm	0.0015815027439072607	Deterministic
cyt_mixed__RHEB__GTP__TSC_	Cytoplasm	0.0	Deterministic
cyt_prot_a__4EBP1__MTORC1_	Cytoplasm	0.0009489016463443563	Deterministic
cyt_prot_a__KS6B1_1__MTORC1_	Cytoplasm	0.002846704939033069	Deterministic
cyt_prot__FOXO3_1__p_p_AKT_	Cytoplasm	0.00031630054878145213	Deterministic
cyt_prot_a__PIK3C__PIK3R__MTORC1_	Cytoplasm	0.00031630054878145213	Deterministic
cyt_cong__p_MAPK__DUS6_1_	Cytoplasm	0.0	Deterministic
cyt_cong__p_p_MAPK__DUS6_1_	Cytoplasm	0.0	Deterministic
cyt_cong__p_p_MAPK__p_DUS1_	Cytoplasm	0.0	Deterministic
cyt_mixed__RAS__GTP__BRAF_	Cytoplasm	0.11608230140279294	Deterministic
cyt_mixed__RAS__GTP__BRAF__BRAF_	Cytoplasm	0.0012652021951258085	Deterministic
cyt_mixed__MAP2K__RAS__GTP__BRAF__BRAF_	Cytoplasm	0.0012652021951258085	Deterministic
cyt_mixed__p_MAP2K__RAS__GTP__BRAF__BRAF_	Cytoplasm	0.0	Deterministic
cyt_prot__IF4E_1_	Cytoplasm	235.63979693504768	Deterministic
cyt_prot__4EBP1__IF4E_1_	Cytoplasm	15.31685407474182	Deterministic
cyt_mixed__RAS__GTP__RAF1_1__RAF1_1_	Cytoplasm	0.08287074378074046	Deterministic
cyt_mixed__MAP2K__RAS__GTP__RAF1_1__RAF1_1_	Cytoplasm	0.5177839983552371	Deterministic
cyt_mixed__p_MAP2K__RAS__GTP__RAF1_1__RAF1_1_	Cytoplasm	0.06768831743923076	Deterministic
nuc_prot__FOXO3_1_	Nucleus	9.029748066612894	Deterministic
cyt_comp__MAP2Kinhibitor_	Cytoplasm	0.0	Deterministic
cyt_mixed__MAP2Kinhibitor__p_p_MAP2K_	Cytoplasm	0.0	Deterministic
cyt_comp__AKTinhibitor_	Cytoplasm	0.0	Deterministic
cyt_cong__AKTinhibitor__AKT_	Cytoplasm	0.0	Deterministic
cyt_abs__TotalmRNA_	Cytoplasm	37.68910819060271	Deterministic
cyt_abs__IF4E_1__TotalmRNA_	Cytoplasm	88.809602884661	Deterministic
cyt_prot__INGR2_	Cytoplasm	0.7882209675633787	Deterministic
cyt_cong__JAK_	Cytoplasm	12.909806898514969	Deterministic
cyt_cong__INGR2__JAK_	Cytoplasm	20.35678701902548	Deterministic
cyt_cong__IFNG__INGR2__JAK_	Cytoplasm	0.0	Deterministic
cyt_cong__IFNG__INGR2__JAK__INGR2__JAK_	Cytoplasm	0.0	Deterministic
cyt_cong__p_IFNG__INGR2__JAK__INGR2__JAK_	Cytoplasm	0.0	Deterministic
cyt_prot__STAT1_	Cytoplasm	27.333111922949186	Deterministic
cyt_cong__p_IFNG__INGR2__JAK__INGR2__JAK__STAT1_	Cytoplasm	0.0	Deterministic
cyt_prot__p_STAT1_	Cytoplasm	0.0	Deterministic
cyt_cong__p_IFNG__INGR2__JAK__INGR2__JAK__p_STAT1_	Cytoplasm	0.0	Deterministic
cyt_prot__p_STAT1__p_STAT1_	Cytoplasm	0.0	Deterministic
cyt_prot__PTN11_	Cytoplasm	56.2227388464519	Deterministic
cyt_cong__p_IFNG__INGR2__JAK__INGR2__JAK__PTN11_	Cytoplasm	0.0	Deterministic
cyt_prot__PTN1_	Cytoplasm	28.111211272951557	Deterministic
cyt_prot__p_STAT1__PTN1_	Cytoplasm	0.0	Deterministic
cyt_prot__STAT1__p_STAT1_	Cytoplasm	0.0	Deterministic
nuc_prot__p_STAT1__p_STAT1_	Nucleus	0.0	Deterministic
nuc_prot__p_STAT1_	Nucleus	0.0	Deterministic
nuc_prot__PTN2_	Nucleus	28.111211272951557	Deterministic
nuc_prot__p_STAT1__PTN2_	Nucleus	0.0	Deterministic
nuc_prot__STAT1_	Nucleus	0.0	Deterministic
nuc_prot__STAT1__p_STAT1_	Nucleus	0.0	Deterministic
cyt_prot__SOCS1_	Cytoplasm	0.0	Deterministic
cyt_cong__p_IFNG__INGR2__JAK__INGR2__JAK__SOCS1_	Cytoplasm	0.0	Deterministic
cyt_cong__p_IFNG__INGR2__JAK__INGR2__JAK__PTN11__SOCS1__STAT1_	Cytoplasm	0.0	Deterministic
cyt_prot__p_STAT1__p_STAT1__PTN1_	Cytoplasm	0.0	Deterministic
nuc_prot__p_STAT1__p_STAT1__PTN2_	Nucleus	0.0	Deterministic
cyt_cong__p_IFNG__INGR2__JAK__INGR2__JAK__SOCS1__STAT1_	Cytoplasm	0.0	Deterministic
exc_prot__IFNG_	Extracellular	0.0	Deterministic
cyt_cong__p_IFNG__INGR2__JAK__INGR2__JAK__PTN11__STAT1_	Cytoplasm	0.0	Deterministic
cyt_cong__IFNG__p_INGR2__JAK__p_INGR2__JAK__PTN11__SOCS1_	Cytoplasm	0.0	Deterministic
cyt_prot__IFNG__INGR2_	Cytoplasm	0.0	Deterministic
cyt_mrna__TP53_201_	Cytoplasm	0.002214103841470165	Stochastic
cyt_mrna__MDM2_202_	Cytoplasm	0.015498726890291154	Stochastic
cyt_mrna__PPM1D_201_	Cytoplasm	0.00031630054878145213	Stochastic
cyt_mrna__ATM_229_	Cytoplasm	0.0006326010975629043	Stochastic
cyt_mrna__ATR_201_	Cytoplasm	0.00031630054878145213	Stochastic
cyt_mrna__RB1_201_	Cytoplasm	0.005060808780503234	Deterministic
cyt_mrna__E2F1_201_	Cytoplasm	0.005060808780503234	Deterministic
cyt_mrna__E2F2_201_	Cytoplasm	0.005060808780503234	Deterministic
cyt_mrna__E2F3_201_	Cytoplasm	0.005060808780503234	Deterministic
cyt_mrna__CCND1_201_	Cytoplasm	0.0015815027439072607	Stochastic
cyt_mrna__CCND2_201_	Cytoplasm	0.0	Stochastic
cyt_mrna__CCND3_203_	Cytoplasm	0.00031630054878145213	Stochastic
cyt_mrna__CCNE1_201_	Cytoplasm	0.005060808780503234	Deterministic
cyt_mrna__CCNE2_201_	Cytoplasm	0.005060808780503234	Deterministic
cyt_mrna__SKP2_202_	Cytoplasm	0.005060808780503234	Deterministic
cyt_mrna__CDC25A_201_	Cytoplasm	0.005060808780503234	Deterministic
cyt_mrna__CDC25B_201_	Cytoplasm	0.005060808780503234	Deterministic
cyt_mrna__CDC25C_201_	Cytoplasm	0.005060808780503234	Deterministic
cyt_mrna__CCNA2_201_	Cytoplasm	0.005060808780503234	Deterministic
cyt_mrna__CDKN1B_201_	Cytoplasm	0.005060808780503234	Deterministic
cyt_mrna__CDH1_201_	Cytoplasm	0.005060808780503234	Deterministic
cyt_mrna__CCNB1_201_	Cytoplasm	0.005060808780503234	Deterministic
cyt_mrna__CDC20_201_	Cytoplasm	0.005060808780503234	Deterministic
cyt_mrna__WEE1_202_	Cytoplasm	0.005060808780503234	Deterministic
cyt_mrna__CHEK1_204_	Cytoplasm	0.005060808780503234	Deterministic
cyt_mrna__CDKN1A_201_	Cytoplasm	0.0034793060365959734	Deterministic
cyt_mrna__CDK1_203_	Cytoplasm	0.013600923597602442	Deterministic
cyt_mrna__CDK2_201_	Cytoplasm	0.00031630054878145213	Deterministic
cyt_mrna__CDK4_201_	Cytoplasm	0.0031630054878145214	Deterministic
cyt_mrna__CDK6_202_	Cytoplasm	0.0018978032926887127	Deterministic
cyt_mrna__TNFSF10_201_	Cytoplasm	0.0	Stochastic
cyt_mrna__TNFRSF10A_201_	Cytoplasm	0.0	Stochastic
cyt_mrna__TNFRSF10B_201_	Cytoplasm	0.0037956065853774253	Stochastic
cyt_mrna__CFLAR_201_	Cytoplasm	0.002846704939033069	Stochastic
cyt_mrna__CASP8_218_	Cytoplasm	0.002214103841470165	Stochastic
cyt_mrna__CASP10_202_	Cytoplasm	0.0012652021951258085	Stochastic
cyt_mrna__BFAR_201_	Cytoplasm	0.011070519207350825	Stochastic
cyt_mrna__CASP3_201_	Cytoplasm	0.0037956065853774253	Stochastic
cyt_mrna__CASP7_203_	Cytoplasm	0.006958612073191947	Stochastic
cyt_mrna__CASP6_201_	Cytoplasm	0.008223814268317755	Stochastic
cyt_mrna__XIAP_202_	Cytoplasm	0.0012652021951258085	Stochastic
cyt_mrna__PARP1_203_	Cytoplasm	0.006326010975629043	Stochastic
cyt_mrna__BID_211_	Cytoplasm	0.00442820768294033	Stochastic
cyt_mrna__BCL2_201_	Cytoplasm	0.0	Stochastic
cyt_mrna__BCL2L1_201_	Cytoplasm	0.0006326010975629043	Stochastic
cyt_mrna__MCL1_202_	Cytoplasm	0.006326010975629043	Stochastic
cyt_mrna__BAX_202_	Cytoplasm	0.0006326010975629043	Stochastic
cyt_mrna__CYC1_201_	Cytoplasm	0.028783349939112145	Stochastic
cyt_mrna__DIABLO_206_	Cytoplasm	0.002530404390251617	Stochastic
cyt_mrna__APAF1_210_	Cytoplasm	0.00031630054878145213	Stochastic
cyt_mrna__CASP9_201_	Cytoplasm	0.00031630054878145213	Stochastic
cyt_mrna__BAD_201_	Cytoplasm	0.0037956065853774253	Stochastic
cyt_mrna__BBC3_203_	Cytoplasm	0.0	Stochastic
cyt_mrna__PMAIP1_202_	Cytoplasm	0.0009489016463443563	Stochastic
cyt_mrna__BCL2L11_204_	Cytoplasm	0.0006326010975629043	Stochastic
cyt_mrna__EGF_201_	Cytoplasm	0.0	Stochastic
cyt_mrna__NRG1_203_	Cytoplasm	0.0	Stochastic
cyt_mrna__EGFR_201_	Cytoplasm	0.002214103841470165	Stochastic
cyt_mrna__ERBB2_201_	Cytoplasm	0.0009489016463443563	Stochastic
cyt_mrna__ERBB3_201_	Cytoplasm	0.005060808780503234	Stochastic
cyt_mrna__ERBB4_202_	Cytoplasm	0.0	Stochastic
cyt_mrna__MET_202_	Cytoplasm	0.005377109329284686	Stochastic
cyt_mrna__HGF_201_	Cytoplasm	0.0	Stochastic
cyt_mrna__PDGFRA_201_	Cytoplasm	0.0	Stochastic
cyt_mrna__PDGFRB_201_	Cytoplasm	0.0	Stochastic
cyt_mrna__PDGFB_201_	Cytoplasm	0.0	Stochastic
cyt_mrna__SPRY2_202_	Cytoplasm	0.00031630054878145213	Stochastic
cyt_mrna__CBL_201_	Cytoplasm	0.0006326010975629043	Stochastic
cyt_mrna__GRB2_202_	Cytoplasm	0.0012652021951258085	Stochastic
cyt_mrna__PLCG1_223_	Cytoplasm	0.0	Stochastic
cyt_mrna__PLCG2_208_	Cytoplasm	0.0	Stochastic
cyt_mrna__PIK3CA_201_	Cytoplasm	0.00031630054878145213	Stochastic
cyt_mrna__PTPN2_201_	Cytoplasm	0.00031630054878145213	Stochastic
cyt_mrna__PIK3CG_205_	Cytoplasm	0.0	Stochastic
cyt_mrna__PIK3CD_202_	Cytoplasm	0.0	Stochastic
cyt_mrna__PIK3R1_211_	Cytoplasm	0.00031630054878145213	Stochastic
cyt_mrna__PIK3R2_201_	Cytoplasm	0.0	Stochastic
cyt_mrna__PIK3R3_201_	Cytoplasm	0.002530404390251617	Stochastic
cyt_mrna__PIK3R4_201_	Cytoplasm	0.0	Stochastic
cyt_mrna__PIK3C2A_206_	Cytoplasm	0.0012652021951258085	Stochastic
cyt_mrna__RASGRP1_201_	Cytoplasm	0.0	Stochastic
cyt_mrna__RASGRP3_202_	Cytoplasm	0.0	Stochastic
cyt_mrna__NRAS_201_	Cytoplasm	0.004111907134158877	Stochastic
cyt_mrna__KRAS_202_	Cytoplasm	0.002214103841470165	Stochastic
cyt_mrna__HRAS_201_	Cytoplasm	0.0006326010975629043	Stochastic
cyt_mrna__NF1_202_	Cytoplasm	0.0009489016463443563	Stochastic
cyt_mrna__RAF1_201_	Cytoplasm	0.0015815027439072607	Stochastic
cyt_mrna__BRAF_220_	Cytoplasm	0.0	Stochastic
cyt_mrna__MAP2K1_201_	Cytoplasm	0.00031630054878145213	Stochastic
cyt_mrna__MAP2K2_201_	Cytoplasm	0.0006326010975629043	Stochastic
cyt_mrna__DUSP6_201_	Cytoplasm	0.0	Stochastic
cyt_mrna__RPS6KA1_204_	Cytoplasm	0.0	Stochastic
cyt_mrna__RPS6KA2_201_	Cytoplasm	0.00031630054878145213	Stochastic
cyt_mrna__RPS6KA3_201_	Cytoplasm	0.0009489016463443563	Stochastic
cyt_mrna__RPS6KA4_201_	Cytoplasm	0.0	Stochastic
cyt_mrna__DUSP1_201_	Cytoplasm	0.0006326010975629043	Stochastic
cyt_mrna__FOS_201_	Cytoplasm	0.0006326010975629043	Stochastic
cyt_mrna__JUN_201_	Cytoplasm	0.0018978032926887127	Stochastic
cyt_mrna__MYC_206_	Cytoplasm	0.00031630054878145213	Stochastic
cyt_mrna__CTNNB1_201_	Cytoplasm	0.010121617561006468	Stochastic
cyt_mrna__PTEN_201_	Cytoplasm	0.006958612073191947	Stochastic
cyt_mrna__AKT1_218_	Cytoplasm	0.0	Stochastic
cyt_mrna__AKT2_206_	Cytoplasm	0.0006326010975629043	Stochastic
cyt_mrna__PDPK1_202_	Cytoplasm	0.0006326010975629043	Stochastic
cyt_mrna__RICTOR_202_	Cytoplasm	0.0009489016463443563	Stochastic
cyt_mrna__MTOR_201_	Cytoplasm	0.0	Stochastic
cyt_mrna__GSK3B_201_	Cytoplasm	0.0006326010975629043	Stochastic
cyt_mrna__TSC1_201_	Cytoplasm	0.0009489016463443563	Stochastic
cyt_mrna__TSC2_201_	Cytoplasm	0.0	Stochastic
cyt_mrna__PRKCA_202_	Cytoplasm	0.00031630054878145213	Stochastic
cyt_mrna__PRKCB_210_	Cytoplasm	0.0	Stochastic
cyt_mrna__PRKCG_201_	Cytoplasm	0.0	Stochastic
cyt_mrna__PRKCD_201_	Cytoplasm	0.0006326010975629043	Stochastic
cyt_mrna__PEBP1_201_	Cytoplasm	0.011386819756132276	Stochastic
cyt_mrna__MAPK1_201_	Cytoplasm	0.0015815027439072607	Stochastic
cyt_mrna__MAPK3_201_	Cytoplasm	0.00031630054878145213	Stochastic
cyt_mrna__FOXO3_202_	Cytoplasm	0.0009489016463443563	Stochastic
cyt_mrna__RHEB_201_	Cytoplasm	0.009489016463443564	Stochastic
cyt_mrna__RPTOR_201_	Cytoplasm	0.0	Stochastic
cyt_mrna__RPS6KB1_201_	Cytoplasm	0.0006326010975629043	Stochastic
cyt_mrna__RPS6KB2_201_	Cytoplasm	0.00031630054878145213	Stochastic
cyt_mrna__EIF4EBP1_201_	Cytoplasm	0.011703120304913729	Stochastic
cyt_mrna__SOS1_202_	Cytoplasm	0.0006326010975629043	Stochastic
cyt_mrna__CDKN2A_214_	Cytoplasm	0.0	Stochastic
cyt_mrna__MDM4_203_	Cytoplasm	0.0018978032926887127	Stochastic
cyt_mrna__FGFR1_214_	Cytoplasm	0.0	Stochastic
cyt_mrna__FGFR2_206_	Cytoplasm	0.00031630054878145213	Stochastic
cyt_mrna__FGF1_201_	Cytoplasm	0.0	Stochastic
cyt_mrna__FGF2_203_	Cytoplasm	0.0	Stochastic
cyt_mrna__EIF4E_203_	Cytoplasm	0.011703120304913729	Stochastic
cyt_mrna__IRS1_201_	Cytoplasm	0.0006326010975629043	Stochastic
cyt_mrna__IRS2_201_	Cytoplasm	0.00031630054878145213	Stochastic
cyt_mrna__IGF1_202_	Cytoplasm	0.0	Stochastic
cyt_mrna__IGF2_205_	Cytoplasm	0.0	Stochastic
cyt_mrna__IGF1R_217_	Cytoplasm	0.0006326010975629043	Stochastic
cyt_mrna__MSH6_201_	Cytoplasm	0.0012652021951258085	Stochastic
cyt_mrna__BRCA2_201_	Cytoplasm	0.00031630054878145213	Stochastic
cyt_mrna__MGMT_205_	Cytoplasm	0.0012652021951258085	Stochastic
cyt_mrna__INSR_201_	Cytoplasm	0.0015815027439072607	Stochastic
cyt_mrna__INS_202_	Cytoplasm	0.0	Stochastic
cyt_mrna__IFNG_201_	Cytoplasm	0.0	Stochastic
cyt_mrna__IFNGR2_201_	Cytoplasm	0.0018978032926887127	Stochastic
cyt_mrna__JAK1_201_	Cytoplasm	0.002846704939033069	Stochastic
cyt_mrna__STAT1_201_	Cytoplasm	0.002214103841470165	Stochastic
cyt_mrna__PTPN11_201_	Cytoplasm	0.005060808780503234	Stochastic
cyt_mrna__PIK3CB_212_	Cytoplasm	0.002530404390251617	Stochastic
cyt_mrna__PTPN1_201_	Cytoplasm	0.002530404390251617	Stochastic
cyt_mrna__SOCS1_201_	Cytoplasm	0.0	Stochastic
nuc_gene_a__TP53_	Nucleus	0.0009489016463443563	Stochastic
nuc_gene_a__MDM2_	Nucleus	0.0009489016463443563	Stochastic
nuc_gene_a__PPM1D_	Nucleus	0.0009489016463443563	Stochastic
nuc_gene_a__ATM_	Nucleus	0.0009489016463443563	Stochastic
nuc_gene_a__ATR_	Nucleus	0.0009489016463443563	Stochastic
nuc_gene_a__RB1_	Nucleus	0.0009489016463443563	Deterministic
nuc_gene_a__E2F1_	Nucleus	0.0009489016463443563	Deterministic
nuc_gene_a__E2F2_	Nucleus	0.0009489016463443563	Deterministic
nuc_gene_a__E2F3_	Nucleus	0.0009489016463443563	Deterministic
nuc_gene_a__CCND1_	Nucleus	0.0009489016463443563	Stochastic
nuc_gene_a__CCND2_	Nucleus	0.0009489016463443563	Stochastic
nuc_gene_a__CCND3_	Nucleus	0.0009489016463443563	Stochastic
nuc_gene_a__CCNE1_	Nucleus	0.0009489016463443563	Deterministic
nuc_gene_a__CCNE2_	Nucleus	0.0009489016463443563	Deterministic
nuc_gene_a__SKP2_	Nucleus	0.0009489016463443563	Deterministic
nuc_gene_a__CDC25A_	Nucleus	0.0009489016463443563	Deterministic
nuc_gene_a__CDC25B_	Nucleus	0.0009489016463443563	Deterministic
nuc_gene_a__CDC25C_	Nucleus	0.0018978032926887127	Deterministic
nuc_gene_a__CCNA2_	Nucleus	0.0009489016463443563	Deterministic
nuc_gene_a__CDKN1B_	Nucleus	0.0009489016463443563	Deterministic
nuc_gene_a__CDH1_	Nucleus	0.0009489016463443563	Deterministic
nuc_gene_a__CCNB1_	Nucleus	0.0009489016463443563	Deterministic
nuc_gene_a__CDC20_	Nucleus	0.0009489016463443563	Deterministic
nuc_gene_a__WEE1_	Nucleus	0.0009489016463443563	Deterministic
nuc_gene_a__CHEK1_	Nucleus	0.0009489016463443563	Deterministic
nuc_gene_a__CDKN1A_	Nucleus	0.0009489016463443563	Deterministic
nuc_gene_a__CDK1_	Nucleus	0.0009489016463443563	Deterministic
nuc_gene_a__CDK2_	Nucleus	0.0009489016463443563	Deterministic
nuc_gene_a__CDK4_	Nucleus	0.0009489016463443563	Deterministic
nuc_gene_a__CDK6_	Nucleus	0.0009489016463443563	Deterministic
nuc_gene_a__TNFSF10_	Nucleus	0.0009489016463443563	Stochastic
nuc_gene_a__TNFRSF10A_	Nucleus	0.0009489016463443563	Stochastic
nuc_gene_a__TNFRSF10B_	Nucleus	0.0009489016463443563	Stochastic
nuc_gene_a__CFLAR_	Nucleus	0.0009489016463443563	Stochastic
nuc_gene_a__CASP8_	Nucleus	0.0009489016463443563	Stochastic
nuc_gene_a__CASP10_	Nucleus	0.0009489016463443563	Stochastic
nuc_gene_a__BFAR_	Nucleus	0.0009489016463443563	Stochastic
nuc_gene_a__CASP3_	Nucleus	0.0009489016463443563	Stochastic
nuc_gene_a__CASP7_	Nucleus	0.0009489016463443563	Stochastic
nuc_gene_a__CASP6_	Nucleus	0.0009489016463443563	Stochastic
nuc_gene_a__XIAP_	Nucleus	0.0009489016463443563	Stochastic
nuc_gene_a__PARP1_	Nucleus	0.002846704939033069	Stochastic
nuc_gene_a__BID_	Nucleus	0.0009489016463443563	Stochastic
nuc_gene_a__BCL2_	Nucleus	0.0009489016463443563	Stochastic
nuc_gene_a__BCL2L1_	Nucleus	0.0009489016463443563	Stochastic
nuc_gene_a__MCL1_	Nucleus	0.0018978032926887127	Stochastic
nuc_gene_a__BAX_	Nucleus	0.0009489016463443563	Stochastic
nuc_gene_a__CYC1_	Nucleus	0.0009489016463443563	Stochastic
nuc_gene_a__DIABLO_	Nucleus	0.0009489016463443563	Stochastic
nuc_gene_a__APAF1_	Nucleus	0.0009489016463443563	Stochastic
nuc_gene_a__CASP9_	Nucleus	0.0009489016463443563	Stochastic
nuc_gene_a__BAD_	Nucleus	0.0009489016463443563	Stochastic
nuc_gene_a__BBC3_	Nucleus	0.0009489016463443563	Stochastic
nuc_gene_a__PMAIP1_	Nucleus	0.0009489016463443563	Stochastic
nuc_gene_a__BCL2L11_	Nucleus	0.0009489016463443563	Stochastic
nuc_gene_a__EGF_	Nucleus	0.0009489016463443563	Stochastic
nuc_gene_a__NRG1_	Nucleus	0.0009489016463443563	Stochastic
nuc_gene_a__EGFR_	Nucleus	0.0009489016463443563	Stochastic
nuc_gene_a__ERBB2_	Nucleus	0.0009489016463443563	Stochastic
nuc_gene_a__ERBB3_	Nucleus	0.0009489016463443563	Stochastic
nuc_gene_a__ERBB4_	Nucleus	0.0009489016463443563	Stochastic
nuc_gene_a__MET_	Nucleus	0.0009489016463443563	Stochastic
nuc_gene_a__HGF_	Nucleus	0.0009489016463443563	Stochastic
nuc_gene_a__PDGFRA_	Nucleus	0.0009489016463443563	Stochastic
nuc_gene_a__PDGFRB_	Nucleus	0.0018978032926887127	Stochastic
nuc_gene_a__PDGFB_	Nucleus	0.0009489016463443563	Stochastic
nuc_gene_a__SPRY2_	Nucleus	0.0009489016463443563	Stochastic
nuc_gene_a__CBL_	Nucleus	0.0009489016463443563	Stochastic
nuc_gene_a__GRB2_	Nucleus	0.0009489016463443563	Stochastic
nuc_gene_a__PLCG1_	Nucleus	0.0009489016463443563	Stochastic
nuc_gene_a__PLCG2_	Nucleus	0.0009489016463443563	Stochastic
nuc_gene_a__PIK3CA_	Nucleus	0.0009489016463443563	Stochastic
nuc_gene_a__PIK3CB_	Nucleus	0.0009489016463443563	Stochastic
nuc_gene_a__PIK3CG_	Nucleus	0.0009489016463443563	Stochastic
nuc_gene_a__PIK3CD_	Nucleus	0.0009489016463443563	Stochastic
nuc_gene_a__PIK3R1_	Nucleus	0.0009489016463443563	Stochastic
nuc_gene_a__PIK3R2_	Nucleus	0.0009489016463443563	Stochastic
nuc_gene_a__PIK3R3_	Nucleus	0.0009489016463443563	Stochastic
nuc_gene_a__PIK3R4_	Nucleus	0.0009489016463443563	Stochastic
nuc_gene_a__PIK3C2A_	Nucleus	0.0009489016463443563	Stochastic
nuc_gene_a__RASGRP1_	Nucleus	0.0009489016463443563	Stochastic
nuc_gene_a__RASGRP3_	Nucleus	0.0009489016463443563	Stochastic
nuc_gene_a__NRAS_	Nucleus	0.0009489016463443563	Stochastic
nuc_gene_a__KRAS_	Nucleus	0.0009489016463443563	Stochastic
nuc_gene_a__HRAS_	Nucleus	0.0009489016463443563	Stochastic
nuc_gene_a__NF1_	Nucleus	0.0009489016463443563	Stochastic
nuc_gene_a__RAF1_	Nucleus	0.0009489016463443563	Stochastic
nuc_gene_a__BRAF_	Nucleus	0.0009489016463443563	Stochastic
nuc_gene_a__MAP2K1_	Nucleus	0.0009489016463443563	Stochastic
nuc_gene_a__MAP2K2_	Nucleus	0.0009489016463443563	Stochastic
nuc_gene_a__DUSP6_	Nucleus	0.0009489016463443563	Stochastic
nuc_gene_a__RPS6KA1_	Nucleus	0.0009489016463443563	Stochastic
nuc_gene_a__RPS6KA2_	Nucleus	0.0009489016463443563	Stochastic
nuc_gene_a__RPS6KA3_	Nucleus	0.0009489016463443563	Stochastic
nuc_gene_a__RPS6KA4_	Nucleus	0.0009489016463443563	Stochastic
nuc_gene_a__DUSP1_	Nucleus	0.0018978032926887127	Stochastic
nuc_gene_a__FOS_	Nucleus	0.0009489016463443563	Stochastic
nuc_gene_a__JUN_	Nucleus	0.0009489016463443563	Stochastic
nuc_gene_a__MYC_	Nucleus	0.0018978032926887127	Stochastic
nuc_gene_a__CTNNB1_	Nucleus	0.0009489016463443563	Stochastic
nuc_gene_a__PTEN_	Nucleus	0.0009489016463443563	Stochastic
nuc_gene_a__AKT1_	Nucleus	0.0009489016463443563	Stochastic
nuc_gene_a__AKT2_	Nucleus	0.0009489016463443563	Stochastic
nuc_gene_a__PDPK1_	Nucleus	0.0009489016463443563	Stochastic
nuc_gene_a__RICTOR_	Nucleus	0.0009489016463443563	Stochastic
nuc_gene_a__MTOR_	Nucleus	0.0009489016463443563	Stochastic
nuc_gene_a__GSK3B_	Nucleus	0.0009489016463443563	Stochastic
nuc_gene_a__TSC1_	Nucleus	0.0009489016463443563	Stochastic
nuc_gene_a__TSC2_	Nucleus	0.0009489016463443563	Stochastic
nuc_gene_a__PRKCA_	Nucleus	0.0009489016463443563	Stochastic
nuc_gene_a__PRKCB_	Nucleus	0.0009489016463443563	Stochastic
nuc_gene_a__PRKCG_	Nucleus	0.0009489016463443563	Stochastic
nuc_gene_a__PRKCD_	Nucleus	0.0009489016463443563	Stochastic
nuc_gene_a__PEBP1_	Nucleus	0.0009489016463443563	Stochastic
nuc_gene_a__MAPK1_	Nucleus	0.0009489016463443563	Stochastic
nuc_gene_a__MAPK3_	Nucleus	0.0009489016463443563	Stochastic
nuc_gene_a__FOXO3_	Nucleus	0.0009489016463443563	Stochastic
nuc_gene_a__RHEB_	Nucleus	0.0009489016463443563	Stochastic
nuc_gene_a__RPTOR_	Nucleus	0.0009489016463443563	Stochastic
nuc_gene_a__RPS6KB1_	Nucleus	0.0009489016463443563	Stochastic
nuc_gene_a__RPS6KB2_	Nucleus	0.0009489016463443563	Stochastic
nuc_gene_a__EIF4EBP1_	Nucleus	0.0009489016463443563	Stochastic
nuc_gene_a__SOS1_	Nucleus	0.0009489016463443563	Stochastic
nuc_gene_a__CDKN2A_	Nucleus	0.0	Stochastic
nuc_gene_a__MDM4_	Nucleus	0.002846704939033069	Stochastic
nuc_gene_a__FGFR1_	Nucleus	0.0009489016463443563	Stochastic
nuc_gene_a__FGFR2_	Nucleus	0.0009489016463443563	Stochastic
nuc_gene_a__FGF1_	Nucleus	0.0018978032926887127	Stochastic
nuc_gene_a__FGF2_	Nucleus	0.0009489016463443563	Stochastic
nuc_gene_a__EIF4E_	Nucleus	0.0009489016463443563	Stochastic
nuc_gene_a__IRS1_	Nucleus	0.0009489016463443563	Stochastic
nuc_gene_a__IRS2_	Nucleus	0.0009489016463443563	Stochastic
nuc_gene_a__IGF1_	Nucleus	0.0009489016463443563	Stochastic
nuc_gene_a__IGF2_	Nucleus	0.0009489016463443563	Stochastic
nuc_gene_a__IGF1R_	Nucleus	0.0009489016463443563	Stochastic
nuc_gene_a__MSH6_	Nucleus	0.0009489016463443563	Stochastic
nuc_gene_a__BRCA2_	Nucleus	0.0009489016463443563	Stochastic
nuc_gene_a__MGMT_	Nucleus	0.0009489016463443563	Stochastic
nuc_gene_a__INSR_	Nucleus	0.0009489016463443563	Stochastic
nuc_gene_a__INS_	Nucleus	0.0009489016463443563	Stochastic
nuc_gene_a__IFNG_	Nucleus	0.0009489016463443563	Stochastic
nuc_gene_a__IFNGR2_	Nucleus	0.0009489016463443563	Stochastic
nuc_gene_a__JAK1_	Nucleus	0.0009489016463443563	Stochastic
nuc_gene_a__STAT1_	Nucleus	0.0009489016463443563	Stochastic
nuc_gene_a__PTPN11_	Nucleus	0.0009489016463443563	Stochastic
nuc_gene_a__PTPN2_	Nucleus	0.0009489016463443563	Stochastic
nuc_gene_a__PTPN1_	Nucleus	0.0009489016463443563	Stochastic
nuc_gene_a__SOCS1_	Nucleus	0.0009489016463443563	Stochastic
nuc_gene_i__TP53_	Nucleus	0.0	Stochastic
nuc_gene_i__MDM2_	Nucleus	0.0	Stochastic
nuc_gene_i__PPM1D_	Nucleus	0.0	Stochastic
nuc_gene_i__ATM_	Nucleus	0.0	Stochastic
nuc_gene_i__ATR_	Nucleus	0.0	Stochastic
nuc_gene_i__RB1_	Nucleus	0.0	Deterministic
nuc_gene_i__E2F1_	Nucleus	0.0	Deterministic
nuc_gene_i__E2F2_	Nucleus	0.0	Deterministic
nuc_gene_i__E2F3_	Nucleus	0.0	Deterministic
nuc_gene_i__CCND1_	Nucleus	0.0	Stochastic
nuc_gene_i__CCND2_	Nucleus	0.0	Stochastic
nuc_gene_i__CCND3_	Nucleus	0.0	Stochastic
nuc_gene_i__CCNE1_	Nucleus	0.0	Deterministic
nuc_gene_i__CCNE2_	Nucleus	0.0	Deterministic
nuc_gene_i__SKP2_	Nucleus	0.0	Deterministic
nuc_gene_i__CDC25A_	Nucleus	0.0	Deterministic
nuc_gene_i__CDC25B_	Nucleus	0.0	Deterministic
nuc_gene_i__CDC25C_	Nucleus	0.0	Deterministic
nuc_gene_i__CCNA2_	Nucleus	0.0	Deterministic
nuc_gene_i__CDKN1B_	Nucleus	0.0	Deterministic
nuc_gene_i__CDH1_	Nucleus	0.0	Deterministic
nuc_gene_i__CCNB1_	Nucleus	0.0	Deterministic
nuc_gene_i__CDC20_	Nucleus	0.0	Deterministic
nuc_gene_i__WEE1_	Nucleus	0.0	Deterministic
nuc_gene_i__CHEK1_	Nucleus	0.0	Deterministic
nuc_gene_i__CDKN1A_	Nucleus	0.0	Deterministic
nuc_gene_i__CDK1_	Nucleus	0.0	Deterministic
nuc_gene_i__CDK2_	Nucleus	0.0	Deterministic
nuc_gene_i__CDK4_	Nucleus	0.0	Deterministic
nuc_gene_i__CDK6_	Nucleus	0.0	Deterministic
nuc_gene_i__TNFSF10_	Nucleus	0.0	Stochastic
nuc_gene_i__TNFRSF10A_	Nucleus	0.0	Stochastic
nuc_gene_i__TNFRSF10B_	Nucleus	0.0	Stochastic
nuc_gene_i__CFLAR_	Nucleus	0.0	Stochastic
nuc_gene_i__CASP8_	Nucleus	0.0	Stochastic
nuc_gene_i__CASP10_	Nucleus	0.0	Stochastic
nuc_gene_i__BFAR_	Nucleus	0.0	Stochastic
nuc_gene_i__CASP3_	Nucleus	0.0	Stochastic
nuc_gene_i__CASP7_	Nucleus	0.0	Stochastic
nuc_gene_i__CASP6_	Nucleus	0.0	Stochastic
nuc_gene_i__XIAP_	Nucleus	0.0	Stochastic
nuc_gene_i__PARP1_	Nucleus	0.0	Stochastic
nuc_gene_i__BID_	Nucleus	0.0	Stochastic
nuc_gene_i__BCL2_	Nucleus	0.0	Stochastic
nuc_gene_i__BCL2L1_	Nucleus	0.0	Stochastic
nuc_gene_i__MCL1_	Nucleus	0.0	Stochastic
nuc_gene_i__BAX_	Nucleus	0.0	Stochastic
nuc_gene_i__CYC1_	Nucleus	0.0	Stochastic
nuc_gene_i__DIABLO_	Nucleus	0.0	Stochastic
nuc_gene_i__APAF1_	Nucleus	0.0	Stochastic
nuc_gene_i__CASP9_	Nucleus	0.0	Stochastic
nuc_gene_i__BAD_	Nucleus	0.0	Stochastic
nuc_gene_i__BBC3_	Nucleus	0.0	Stochastic
nuc_gene_i__PMAIP1_	Nucleus	0.0	Stochastic
nuc_gene_i__BCL2L11_	Nucleus	0.0	Stochastic
nuc_gene_i__EGF_	Nucleus	0.0	Stochastic
nuc_gene_i__NRG1_	Nucleus	0.0	Stochastic
nuc_gene_i__EGFR_	Nucleus	0.0	Stochastic
nuc_gene_i__ERBB2_	Nucleus	0.0	Stochastic
nuc_gene_i__ERBB3_	Nucleus	0.0	Stochastic
nuc_gene_i__ERBB4_	Nucleus	0.0	Stochastic
nuc_gene_i__MET_	Nucleus	0.0	Stochastic
nuc_gene_i__HGF_	Nucleus	0.0	Stochastic
nuc_gene_i__PDGFRA_	Nucleus	0.0	Stochastic
nuc_gene_i__PDGFRB_	Nucleus	0.0	Stochastic
nuc_gene_i__PDGFB_	Nucleus	0.0	Stochastic
nuc_gene_i__SPRY2_	Nucleus	0.0	Stochastic
nuc_gene_i__CBL_	Nucleus	0.0	Stochastic
nuc_gene_i__GRB2_	Nucleus	0.0	Stochastic
nuc_gene_i__PLCG1_	Nucleus	0.0	Stochastic
nuc_gene_i__PLCG2_	Nucleus	0.0	Stochastic
nuc_gene_i__PIK3CA_	Nucleus	0.0	Stochastic
nuc_gene_i__PIK3CB_	Nucleus	0.0	Stochastic
nuc_gene_i__PIK3CG_	Nucleus	0.0	Stochastic
nuc_gene_i__PIK3CD_	Nucleus	0.0	Stochastic
nuc_gene_i__PIK3R1_	Nucleus	0.0	Stochastic
nuc_gene_i__PIK3R2_	Nucleus	0.0	Stochastic
nuc_gene_i__PIK3R3_	Nucleus	0.0	Stochastic
nuc_gene_i__PIK3R4_	Nucleus	0.0	Stochastic
nuc_gene_i__PIK3C2A_	Nucleus	0.0	Stochastic
nuc_gene_i__RASGRP1_	Nucleus	0.0	Stochastic
nuc_gene_i__RASGRP3_	Nucleus	0.0	Stochastic
nuc_gene_i__NRAS_	Nucleus	0.0	Stochastic
nuc_gene_i__KRAS_	Nucleus	0.0	Stochastic
nuc_gene_i__HRAS_	Nucleus	0.0	Stochastic
nuc_gene_i__NF1_	Nucleus	0.0	Stochastic
nuc_gene_i__RAF1_	Nucleus	0.0	Stochastic
nuc_gene_i__BRAF_	Nucleus	0.0	Stochastic
nuc_gene_i__MAP2K1_	Nucleus	0.0	Stochastic
nuc_gene_i__MAP2K2_	Nucleus	0.0	Stochastic
nuc_gene_i__DUSP6_	Nucleus	0.0	Stochastic
nuc_gene_i__RPS6KA1_	Nucleus	0.0	Stochastic
nuc_gene_i__RPS6KA2_	Nucleus	0.0	Stochastic
nuc_gene_i__RPS6KA3_	Nucleus	0.0	Stochastic
nuc_gene_i__RPS6KA4_	Nucleus	0.0	Stochastic
nuc_gene_i__DUSP1_	Nucleus	0.0	Stochastic
nuc_gene_i__FOS_	Nucleus	0.0	Stochastic
nuc_gene_i__JUN_	Nucleus	0.0	Stochastic
nuc_gene_i__MYC_	Nucleus	0.0	Stochastic
nuc_gene_i__CTNNB1_	Nucleus	0.0	Stochastic
nuc_gene_i__PTEN_	Nucleus	0.0	Stochastic
nuc_gene_i__AKT1_	Nucleus	0.0	Stochastic
nuc_gene_i__AKT2_	Nucleus	0.0	Stochastic
nuc_gene_i__PDPK1_	Nucleus	0.0	Stochastic
nuc_gene_i__RICTOR_	Nucleus	0.0	Stochastic
nuc_gene_i__MTOR_	Nucleus	0.0	Stochastic
nuc_gene_i__GSK3B_	Nucleus	0.0	Stochastic
nuc_gene_i__TSC1_	Nucleus	0.0	Stochastic
nuc_gene_i__TSC2_	Nucleus	0.0	Stochastic
nuc_gene_i__PRKCA_	Nucleus	0.0	Stochastic
nuc_gene_i__PRKCB_	Nucleus	0.0	Stochastic
nuc_gene_i__PRKCG_	Nucleus	0.0	Stochastic
nuc_gene_i__PRKCD_	Nucleus	0.0	Stochastic
nuc_gene_i__PEBP1_	Nucleus	0.0	Stochastic
nuc_gene_i__MAPK1_	Nucleus	0.0	Stochastic
nuc_gene_i__MAPK3_	Nucleus	0.0	Stochastic
nuc_gene_i__FOXO3_	Nucleus	0.0	Stochastic
nuc_gene_i__RHEB_	Nucleus	0.0	Stochastic
nuc_gene_i__RPTOR_	Nucleus	0.0	Stochastic
nuc_gene_i__RPS6KB1_	Nucleus	0.0	Stochastic
nuc_gene_i__RPS6KB2_	Nucleus	0.0	Stochastic
nuc_gene_i__EIF4EBP1_	Nucleus	0.0	Stochastic
nuc_gene_i__SOS1_	Nucleus	0.0	Stochastic
nuc_gene_i__CDKN2A_	Nucleus	0.0	Stochastic
nuc_gene_i__MDM4_	Nucleus	0.0	Stochastic
nuc_gene_i__FGFR1_	Nucleus	0.0	Stochastic
nuc_gene_i__FGFR2_	Nucleus	0.0	Stochastic
nuc_gene_i__FGF1_	Nucleus	0.0	Stochastic
nuc_gene_i__FGF2_	Nucleus	0.0	Stochastic
nuc_gene_i__EIF4E_	Nucleus	0.0	Stochastic
nuc_gene_i__IRS1_	Nucleus	0.0	Stochastic
nuc_gene_i__IRS2_	Nucleus	0.0	Stochastic
nuc_gene_i__IGF1_	Nucleus	0.0	Stochastic
nuc_gene_i__IGF2_	Nucleus	0.0	Stochastic
nuc_gene_i__IGF1R_	Nucleus	0.0	Stochastic
nuc_gene_i__MSH6_	Nucleus	0.0	Stochastic
nuc_gene_i__BRCA2_	Nucleus	0.0	Stochastic
nuc_gene_i__MGMT_	Nucleus	0.0	Stochastic
nuc_gene_i__INSR_	Nucleus	0.0	Stochastic
nuc_gene_i__INS_	Nucleus	0.0	Stochastic
nuc_gene_i__IFNG_	Nucleus	0.0	Stochastic
nuc_gene_i__IFNGR2_	Nucleus	0.0	Stochastic
nuc_gene_i__JAK1_	Nucleus	0.0	Stochastic
nuc_gene_i__STAT1_	Nucleus	0.0	Stochastic
nuc_gene_i__PTPN11_	Nucleus	0.0	Stochastic
nuc_gene_i__PTPN2_	Nucleus	0.0	Stochastic
nuc_gene_i__PTPN1_	Nucleus	0.0	Stochastic
nuc_gene_i__SOCS1_	Nucleus	0.0	Stochastic
